1_d.png,440,1,192,177
6_d.png,162,233,197,247
7_d.png,295,66,296,259
10_d.png,48,1,295,298
13_d.png,306,232,326,248
13_d.png,306,232,326,248
17_d.png,1,1,457,184
19_d.png,47,1,376,202
21_d.png,1,170,197,310
21_d.png,1,170,197,310
21_d.png,1,170,197,310
22_d.png,1,66,184,414
26_d.png,1,1,293,243
28_d.png,220,103,218,217
31_d.png,1,121,225,359
31_d.png,1,121,225,359
34_d.png,1,162,236,318
37_d.png,572,299,60,154
38_d.png,1,360,217,120
39_d.png,304,1,328,232
43_d.png,120,212,227,249
45_d.png,303,343,90,109
50_d.png,398,66,234,271
51_d.png,1,78,227,333
55_d.png,99,1,116,110
150_d.png,255,1,314,110
210_d.png,1,353,65,127
300_d.png,413,181,219,299
360_d.png,541,202,91,246
450_d.png,119,112,169,169
463_d.png,129,126,192,184
480_d.png,184,41,233,213
660_d.png,289,253,343,227
1050_d.png,1,225,104,192
1080_d.png,311,253,321,227
1170_d.png,23,1,304,196
1230_d.png,486,1,74,133
1260_d.png,517,1,76,179
1260_d.png,517,1,76,179
1290_d.png,513,1,127,479
1290_d.png,513,1,127,479
1440_d.png,1,427,132,53
2130_d.png,1,395,282,85
2190_d.png,262,290,169,190
2190_d.png,262,290,169,190
2440_d.png,1,326,142,154
2450_d.png,45,300,174,180
2460_d.png,116,272,180,184
2460_d.png,116,272,180,184
2490_d.png,334,185,164,171
2520_d.png,399,164,172,175
2550_d.png,439,151,175,185
2580_d.png,521,383,111,97
2670_d.png,429,268,203,212
2700_d.png,374,1,258,297
3120_d.png,1,8,229,360
3150_d.png,411,151,119,329
3160_d.png,412,127,123,347
3180_d.png,390,1,250,479
3190_d.png,1,324,72,156
3200_d.png,1,310,192,170
3210_d.png,41,353,279,127
3220_d.png,100,422,249,58
3240_d.png,114,339,249,141
3250_d.png,117,267,247,213
3270_d.png,180,172,239,255
3280_d.png,215,142,241,261
3300_d.png,254,74,245,262
3320_d.png,230,25,226,229
3330_d.png,232,1,216,190
3450_d.png,480,1,152,284
3480_d.png,374,1,258,142
3540_d.png,1,274,85,109
3870_d.png,1,21,75,135
4050_d.png,316,1,125,74
4200_d.png,1,1,228,183
4230_d.png,251,329,294,151
4260_d.png,1,329,192,151
4380_d.png,232,1,111,57
4600_d.png,1,273,82,83
4680_d.png,450,1,121,86
4890_d.png,315,337,89,143
5370_d.png,1,89,107,391
5460_d.png,325,285,307,195
5700_d.png,210,334,379,146
5700_d.png,210,334,379,146
5730_d.png,243,337,389,143
5730_d.png,243,337,389,143
5800_d.png,1,360,46,82
