5_d.png,360,136,272,344
9_d.png,83,1,337,276
13_d.png,1,205,425,275
14_d.png,1,225,410,255
17_d.png,1,1,536,283
20_d.png,229,74,403,406
21_d.png,390,170,242,310
21_d.png,390,170,242,310
22_d.png,297,1,335,479
26_d.png,1,1,393,479
27_d.png,1,1,319,479
28_d.png,220,103,218,217
34_d.png,133,125,499,355
35_d.png,1,1,335,479
36_d.png,126,1,514,479
37_d.png,1,1,572,389
40_d.png,124,1,508,403
42_d.png,205,200,231,231
43_d.png,120,212,227,249
50_d.png,233,63,399,318
55_d.png,99,1,226,125
450_d.png,119,112,169,169
463_d.png,129,126,192,184
480_d.png,184,41,233,213
660_d.png,1,204,303,276
1080_d.png,1,134,471,346
1260_d.png,1,263,406,217
1320_d.png,375,1,265,479
2190_d.png,262,290,169,190
2440_d.png,1,326,142,154
2450_d.png,45,300,178,180
2460_d.png,427,1,205,121
2460_d.png,427,1,205,121
2490_d.png,334,185,173,171
2520_d.png,399,164,172,175
2550_d.png,439,151,181,185
2610_d.png,209,1,431,479
2700_d.png,377,1,255,479
3120_d.png,1,1,305,367
3150_d.png,411,151,119,329
3160_d.png,412,127,123,347
3200_d.png,1,310,192,170
3240_d.png,99,334,264,146
3250_d.png,117,267,271,213
3270_d.png,180,172,259,256
3280_d.png,215,142,241,261
3300_d.png,254,74,245,262
3320_d.png,230,25,226,229
3330_d.png,232,1,216,190
3780_d.png,503,1,137,479
5160_d.png,381,1,259,479
5280_d.png,1,227,277,253
5370_d.png,454,1,186,479
5670_d.png,492,1,148,479
5700_d.png,1,150,247,330
5700_d.png,1,150,247,330
5730_d.png,1,151,334,329
