10_000000,36,12,472,248,0.26044
10_000000,161,43,376,228,0.27523
10_000000,207,87,357,242,0.31105
10_000000,450,142,184,263,0.10998
10_000000,37,31,452,321,0.25883
10_000000,201,313,264,73,0.50465
10_000000,35,304,246,161,0.36482
10_000000,213,341,297,109,0.70321
10_000000,156,399,215,66,0.32389
10_000000,37,411,74,55,0.10649
10_000000,364,365,274,101,0.10535
10_000060,569,18,61,45,0.29173
10_000060,387,12,200,197,0.1331
10_000060,585,120,48,176,0.2968
10_000060,36,12,273,259,0.13849
10_000060,38,206,581,123,0.35329
10_000060,197,296,213,75,0.46592
10_000060,244,287,313,145,0.73545
10_000060,34,316,280,126,0.32322
10_000060,181,367,205,95,0.2912
10_000060,35,389,148,77,0.11508
10_000060,169,12,321,219,0.31586
10_000120,216,29,421,262,0.25012
10_000120,46,47,279,271,0.30715
10_000120,270,73,368,203,0.12638
10_000120,33,279,32,56,0.34671
10_000120,39,268,378,130,0.18877
10_000120,297,370,61,41,0.2747
10_000120,338,343,266,56,0.27734
10_000120,527,341,108,73,0.27439
10_000120,34,377,350,89,0.18119
10_000120,284,376,350,90,0.71796
10_000120,37,12,599,158,0.096135
10_000180,40,12,324,114,0.14287
10_000180,260,128,135,54,0.53891
10_000180,198,161,78,45,0.22962
10_000180,35,127,338,170,0.32644
10_000180,314,216,44,37,0.13243
10_000180,203,125,390,193,0.64898
10_000180,117,231,255,112,0.3082
10_000180,40,271,72,96,0.10116
10_000180,46,278,518,188,0.29689
10_000240,64,12,301,287,0.27626
10_000240,207,12,367,260,0.37346
10_000240,509,104,123,141,0.62649
10_000240,10,156,266,224,0.29313
10_000240,278,215,334,250,0.37734
10_000240,166,272,151,193,0.14646
10_000240,279,298,51,79,0.090891
10_000240,167,340,50,43,0.34232
10_000240,346,431,95,34,0.11387
10_000240,303,12,335,353,0.24739
10_000300,189,12,359,348,0.32589
10_000300,125,12,163,429,0.092531
10_000300,404,100,232,269,0.12521
10_000300,379,149,259,293,0.46893
10_000300,199,157,264,273,0.29456
10_000300,33,419,33,30,0.32966
10_000300,431,401,201,65,0.55044
10_000300,207,346,305,119,0.27091
10_000300,216,440,15,12,0.10444
10_000300,32,328,187,138,0.09752
10_000300,355,12,281,198,0.21572
10_000360,429,12,209,280,0.28678
10_000360,310,12,193,334,0.079902
10_000360,281,27,220,382,0.09596
10_000360,381,91,258,374,0.33772
10_000360,101,86,313,379,0.31936
10_000360,567,318,65,99,0.5131
10_000360,539,408,48,37,0.25065
10_000360,272,437,52,28,0.41722
10_000360,485,369,149,97,0.33063
10_000360,121,12,268,300,0.22587
10_000420,386,12,240,165,0.12468
10_000420,276,37,44,94,0.27515
10_000420,313,12,325,171,0.30923
10_000420,253,103,386,170,0.17977
10_000420,33,52,287,231,0.32082
10_000420,235,214,327,156,0.34934
10_000420,128,262,28,24,0.2628
10_000420,479,265,154,104,0.59934
10_000420,36,252,279,178,0.14557
10_000420,290,319,347,147,0.30766
10_000420,40,388,570,78,0.14804
10_000480,314,12,276,152,0.17496
10_000480,37,12,312,173,0.30552
10_000480,595,86,36,81,0.34004
10_000480,282,150,346,88,0.22311
10_000480,38,35,544,223,0.27023
10_000480,169,239,321,79,0.52022
10_000480,471,233,166,130,0.14467
10_000480,35,247,251,136,0.3588
10_000480,222,271,323,111,0.63641
10_000480,161,310,206,92,0.097035
10_000480,38,340,508,126,0.12534
10_000540,38,43,600,141,0.3108
10_000540,274,152,206,58,0.49426
10_000540,516,127,119,112,0.20213
10_000540,284,146,343,129,0.63746
10_000540,35,160,311,133,0.31501
10_000540,38,246,197,129,0.099547
10_000540,231,215,204,99,0.10188
10_000540,47,245,64,80,0.096211
10_000540,42,284,326,135,0.062627
10_000540,43,315,464,151,0.12778
10_000540,41,12,595,111,0.12268
10_000600,36,12,263,153,0.25525
10_000600,200,12,290,298,0.12219
10_000600,453,171,49,52,0.51421
10_000600,37,141,421,270,0.27787
10_000600,587,199,46,116,0.17427
10_000600,50,197,290,187,0.10912
10_000600,509,304,46,82,0.15808
10_000600,39,304,506,162,0.50477
10_000600,181,217,454,249,0.45054
10_000600,428,27,27,33,0.54206
10_000660,269,118,45,32,0.4253
10_000660,38,12,236,191,0.19399
10_000660,541,12,95,250,0.18102
10_000660,40,188,271,123,0.51348
10_000660,420,195,129,57,0.62931
10_000660,292,149,259,173,0.28996
10_000660,34,272,340,140,0.50208
10_000660,181,353,37,50,0.31705
10_000660,44,327,485,139,0.09322
10_000720,78,12,390,153,0.28762
10_000720,38,146,459,124,0.20217
10_000720,36,12,440,209,0.3006
10_000720,39,245,504,111,0.46338
10_000720,519,267,39,79,0.099973
10_000720,35,337,285,129,0.54195
10_000720,292,241,342,217,0.34528
10_000720,188,371,135,73,0.43063
10_000720,365,401,65,47,0.27999
10_000720,117,416,333,49,0.60924
10_000780,36,12,282,218,0.13375
10_000780,338,117,52,45,0.33274
10_000780,517,181,114,71,0.39887
10_000780,39,87,332,249,0.31195
10_000780,39,240,373,198,0.35095
10_000780,371,120,263,240,0.28325
10_000780,371,281,65,57,0.075348
10_000780,36,314,465,152,0.429
10_000780,286,406,33,34,0.29512
10_000840,74,100,329,278,0.048488
10_000840,142,220,341,126,0.074096
10_000840,222,244,309,208,0.051805
11_000000,271,12,184,302,0.10297
11_000000,33,12,138,138,0.37798
11_000000,137,12,216,332,0.38349
11_000000,39,60,208,232,0.3125
11_000000,434,19,197,220,0.3847
11_000000,131,278,65,52,0.46381
11_000000,343,178,290,164,0.30386
11_000000,40,244,285,193,0.27848
11_000000,35,288,559,178,0.35001
11_000000,230,303,107,135,0.042541
11_000000,258,259,375,207,0.31753
11_000060,72,12,48,49,0.37497
11_000060,34,32,52,102,0.38671
11_000060,243,12,387,150,0.54332
11_000060,37,12,298,301,0.30228
11_000060,238,80,394,305,0.30607
11_000060,81,150,187,222,0.74089
11_000060,270,200,81,137,0.033523
11_000060,445,248,188,218,0.12594
11_000060,38,76,327,389,0.25737
11_000060,35,386,157,80,0.21682
11_000060,200,289,368,177,0.35939
11_000120,505,22,49,53,0.10377
11_000120,412,12,218,148,0.15202
11_000120,412,77,43,48,0.3236
11_000120,36,12,414,150,0.51382
11_000120,339,86,296,336,0.28144
11_000120,33,18,387,190,0.30067
11_000120,225,151,267,314,0.2692
11_000120,34,129,259,273,0.12625
11_000120,315,139,272,262,0.65764
11_000120,311,294,56,74,0.44667
11_000120,34,324,295,142,0.16562
11_000120,413,321,220,145,0.22239
11_000180,238,12,392,101,0.56697
11_000180,66,69,45,40,0.32933
11_000180,76,20,364,161,0.29122
11_000180,529,144,54,43,0.20378
11_000180,104,75,527,195,0.27221
11_000180,102,215,64,70,0.21794
11_000180,312,98,320,222,0.26456
11_000180,429,228,206,238,0.16335
11_000180,158,199,276,222,0.29062
11_000180,36,181,194,285,0.1114
11_000180,214,311,245,154,0.1347
11_000240,35,12,75,52,0.10482
11_000240,88,12,94,70,0.30913
11_000240,178,14,247,380,0.27155
11_000240,41,55,130,95,0.30029
11_000240,251,12,381,199,0.36215
11_000240,33,30,78,218,0.12626
11_000240,38,50,296,309,0.31463
11_000240,297,150,336,315,0.13567
11_000240,431,237,203,229,0.13296
11_000240,116,340,88,45,0.24122
11_000240,39,271,337,194,0.29531
11_000240,34,363,154,103,0.2474
11_000300,34,12,159,224,0.48918
11_000300,96,12,241,204,0.27173
11_000300,275,12,361,189,0.34606
11_000300,197,12,310,313,0.26851
11_000300,373,119,263,205,0.53509
11_000300,383,214,51,108,0.095502
11_000300,36,171,191,295,0.18548
11_000300,146,197,173,236,0.37012
11_000300,164,424,21,36,0.2891
11_000300,186,307,449,159,0.15203
11_000300,56,26,35,27,0.06709
11_000360,34,12,232,195,0.30811
11_000360,198,12,224,191,0.1028
11_000360,261,187,46,39,0.44275
11_000360,35,148,204,318,0.39841
11_000360,254,199,90,87,0.12149
11_000360,316,76,204,225,0.54159
11_000360,542,265,24,20,0.21989
11_000360,329,247,53,76,0.13329
11_000360,385,160,250,306,0.15887
11_000360,132,72,506,334,0.25382
11_000360,112,280,363,185,0.35066
11_000360,240,12,397,197,0.15028
11_000420,93,12,264,224,0.29886
11_000420,286,12,352,304,0.38931
11_000420,215,176,135,150,0.052105
11_000420,225,185,68,59,0.44162
11_000420,343,141,291,297,0.1167
11_000420,250,230,70,55,0.20623
11_000420,159,129,460,286,0.25323
11_000420,391,275,97,90,0.16414
11_000420,34,12,190,415,0.57164
11_000420,34,270,233,196,0.38669
11_000420,206,302,430,164,0.35888
11_000420,239,12,316,195,0.308
11_000480,312,12,277,154,0.10039
11_000480,43,12,205,185,0.14161
11_000480,158,12,303,253,0.32186
11_000480,112,179,145,160,0.053853
11_000480,240,134,197,200,0.70549
11_000480,136,234,106,85,0.23814
11_000480,219,271,149,99,0.16845
11_000480,44,123,286,342,0.067928
11_000480,240,248,275,217,0.078847
11_000480,297,172,339,294,0.44818
11_000480,36,268,130,198,0.3852
11_000540,326,12,303,79,0.39222
11_000540,34,12,202,165,0.44117
11_000540,40,109,417,356,0.25712
11_000540,39,12,387,279,0.29082
11_000540,117,132,242,273,0.71315
11_000540,368,82,265,384,0.49633
11_000540,91,290,29,24,0.52667
11_000540,110,313,64,59,0.28868
11_000540,319,355,28,19,0.29135
11_000540,233,307,397,159,0.3579
11_000540,35,342,126,124,0.24627
11_000600,418,12,214,249,0.33873
11_000600,329,96,187,233,0.11602
11_000600,147,134,254,277,0.71714
11_000600,161,12,301,204,0.28439
11_000600,39,91,214,204,0.30164
11_000600,597,281,27,35,0.36392
11_000600,40,250,367,215,0.29421
11_000600,402,200,231,239,0.33026
11_000600,265,332,368,134,0.35661
11_000600,35,337,100,129,0.20646
11_000600,34,12,242,189,0.42564
11_000660,178,23,263,281,0.29373
11_000660,503,64,70,52,0.31417
11_000660,33,12,215,224,0.19612
11_000660,56,66,215,381,0.26858
11_000660,335,12,296,166,0.36322
11_000660,148,199,210,203,0.74809
11_000660,422,157,210,198,0.16092
11_000660,276,312,358,154,0.2195
11_000660,35,368,79,98,0.22438
11_000660,39,111,448,354,0.25502
11_000660,223,12,74,61,0.32986
11_000720,406,12,224,166,0.13237
11_000720,202,12,225,153,0.3977
11_000720,34,12,307,204,0.34644
11_000720,606,202,23,33,0.33627
11_000720,239,140,397,224,0.29685
11_000720,298,102,267,351,0.27097
11_000720,247,312,54,94,0.47687
11_000720,411,316,222,150,0.19105
11_000720,289,409,23,33,0.25807
11_000720,164,166,457,299,0.25859
11_000720,35,181,208,285,0.21591
11_000720,491,18,119,103,0.29431
12_000000,229,12,241,212,0.29221
12_000000,36,12,285,204,0.10347
12_000000,79,109,360,202,0.31215
12_000000,36,56,134,299,0.31414
12_000000,371,169,262,297,0.30733
12_000000,490,94,143,284,0.086964
12_000000,132,292,66,130,0.40082
12_000000,139,294,107,121,0.40421
12_000000,38,324,486,142,0.29984
12_000000,476,424,23,41,0.11722
12_000000,177,208,280,257,0.2722
12_000000,416,12,216,165,0.59949
12_000060,262,12,297,200,0.34142
12_000060,37,12,270,200,0.3077
12_000060,140,91,277,374,0.27893
12_000060,39,77,147,236,0.13212
12_000060,173,224,76,96,0.13723
12_000060,400,93,224,245,0.28468
12_000060,176,227,124,112,0.38999
12_000060,239,22,363,443,0.24531
12_000060,39,266,189,200,0.1531
12_000060,181,298,85,59,0.56277
12_000060,425,46,210,420,0.29524
12_000060,506,12,127,43,0.36787
12_000120,303,12,216,181,0.41406
12_000120,39,12,340,266,0.095977
12_000120,268,51,367,288,0.27309
12_000120,73,199,159,114,0.18065
12_000120,40,35,397,430,0.24668
12_000120,482,150,154,316,0.31839
12_000120,333,280,241,185,0.10412
12_000120,77,242,154,123,0.72643
12_000120,90,309,75,61,0.31981
12_000120,516,348,85,118,0.12258
12_000120,41,208,282,258,0.29945
12_000120,510,12,123,118,0.316
12_000180,418,12,219,267,0.10978
12_000180,120,12,364,300,0.27093
12_000180,395,146,243,241,0.29369
12_000180,70,176,212,208,0.16019
12_000180,397,270,45,21,0.081905
12_000180,141,245,117,124,0.57861
12_000180,151,272,46,62,0.27112
12_000180,347,303,21,12,0.15397
12_000180,98,12,302,418,0.24898
12_000180,40,12,224,454,0.2869
12_000180,235,281,404,185,0.1116
12_000180,310,12,210,129,0.2749
12_000240,81,14,132,168,0.063288
12_000240,100,12,333,230,0.2729
12_000240,225,100,64,86,0.52241
12_000240,130,17,162,140,0.34406
12_000240,103,92,140,115,0.28073
12_000240,338,12,289,232,0.10066
12_000240,231,168,259,297,0.26358
12_000240,429,109,209,263,0.10609
12_000240,173,232,283,233,0.10948
12_000240,42,89,193,377,0.13276
12_000240,47,12,71,111,0.12871
12_000300,77,103,30,41,0.58321
12_000300,202,12,229,245,0.14158
12_000300,313,12,259,322,0.29237
12_000300,39,12,230,285,0.3162
12_000300,35,146,79,95,0.54262
12_000300,36,219,32,43,0.35138
12_000300,348,173,287,202,0.29702
12_000300,461,247,173,219,0.59253
12_000300,202,173,354,292,0.2814
12_000300,41,214,254,252,0.34297
12_000300,45,429,33,29,0.10784
12_000300,505,12,128,235,0.32007
12_000360,241,12,328,223,0.10188
12_000360,252,113,107,108,0.10411
12_000360,305,115,125,119,0.3825
12_000360,230,162,29,47,0.11856
12_000360,373,194,51,65,0.50591
12_000360,255,173,129,105,0.32178
12_000360,256,148,383,219,0.26683
12_000360,47,176,400,289,0.27937
12_000360,41,129,240,337,0.093487
12_000360,42,12,234,179,0.16375
12_000420,389,12,245,272,0.26989
12_000420,66,36,329,327,0.26722
12_000420,486,66,150,240,0.33115
12_000420,85,151,128,140,0.37868
12_000420,39,150,107,121,0.092322
12_000420,168,241,41,60,0.51794
12_000420,283,12,223,399,0.31793
12_000420,47,232,128,92,0.32906
12_000420,41,268,316,198,0.29913
12_000420,184,257,452,209,0.096704
12_000420,503,368,113,97,0.113
12_000420,41,12,279,185,0.1373
12_000480,460,30,176,259,0.33527
12_000480,36,12,259,191,0.30376
12_000480,133,111,268,153,0.29223
12_000480,278,25,286,269,0.29402
12_000480,319,260,169,161,0.46871
12_000480,38,92,305,258,0.27372
12_000480,68,229,276,178,0.29954
12_000480,346,372,78,56,0.16854
12_000480,353,450,41,15,0.22257
12_000480,41,319,379,147,0.11312
12_000480,89,12,544,110,0.2075
12_000540,36,12,398,274,0.2714
12_000540,330,12,302,178,0.53401
12_000540,87,35,271,245,0.29356
12_000540,38,111,218,192,0.32438
12_000540,403,57,197,234,0.32817
12_000540,319,185,316,189,0.31297
12_000540,205,343,105,75,0.8403
12_000540,397,384,33,17,0.11408
12_000540,200,271,436,180,0.37657
12_000540,40,265,195,185,0.31882
12_000540,227,410,25,26,0.092923
12_000540,40,352,596,114,0.10049
12_000600,38,12,207,162,0.23121
12_000600,380,12,169,397,0.11436
12_000600,564,87,51,40,0.13349
12_000600,178,12,248,220,0.29257
12_000600,483,12,149,329,0.13444
12_000600,219,90,192,199,0.31246
12_000600,562,228,40,37,0.51017
12_000600,38,120,229,346,0.31285
12_000600,287,244,260,221,0.3029
12_000600,529,337,103,129,0.28974
12_000600,39,243,311,223,0.097302
12_000660,36,12,183,353,0.1335
12_000660,389,12,245,243,0.28565
12_000660,115,12,231,247,0.30194
12_000660,225,12,311,256,0.29539
12_000660,264,267,32,36,0.42616
12_000660,206,231,106,129,0.24903
12_000660,371,122,265,344,0.3296
12_000660,236,248,91,102,0.56648
12_000660,38,263,227,203,0.3359
12_000660,330,267,277,199,0.28157
12_000660,234,223,219,242,0.28844
12_000660,528,12,105,63,0.43063
12_000720,496,12,139,313,0.32845
12_000720,593,12,39,70,0.33821
12_000720,36,12,358,154,0.31222
12_000720,393,12,242,406,0.35788
12_000720,252,106,188,330,0.29459
12_000720,37,95,233,282,0.12303
12_000720,250,238,78,74,0.1232
12_000720,251,241,116,113,0.38891
12_000720,37,256,278,210,0.33657
12_000720,257,306,64,55,0.55213
12_000720,284,342,353,124,0.12338
12_000720,210,12,251,168,0.30428
12_000780,218,12,215,315,0.07609
12_000780,306,12,191,225,0.36908
12_000780,37,12,328,371,0.068598
12_000780,123,236,111,92,0.10799
12_000780,387,90,247,224,0.30722
12_000780,136,244,115,127,0.41117
12_000780,339,242,296,224,0.31337
12_000780,135,327,66,50,0.57802
12_000780,38,81,148,385,0.32837
12_000780,167,248,345,217,0.29761
12_000780,494,375,61,90,0.12674
12_000780,451,12,182,183,0.32054
12_000840,519,12,114,79,0.42104
12_000840,358,12,213,195,0.31531
12_000840,144,20,236,222,0.29758
12_000840,39,43,139,226,0.14199
12_000840,437,84,198,218,0.30207
12_000840,147,218,142,152,0.25729
12_000840,419,236,217,230,0.13668
12_000840,40,235,169,231,0.1503
12_000840,178,244,111,124,0.77967
12_000840,190,89,304,376,0.27972
12_000840,245,238,334,227,0.085742
12_000840,37,12,349,162,0.091415
13_000000,37,12,345,186,0.092401
13_000000,251,12,349,193,0.31036
13_000000,177,48,125,119,0.36704
13_000000,39,151,66,63,0.097734
13_000000,491,12,144,205,0.32267
13_000000,262,124,259,248,0.31045
13_000000,94,216,42,51,0.11027
13_000000,237,171,400,234,0.074669
13_000000,38,105,249,245,0.3258
13_000000,41,307,368,159,0.09623
13_000000,37,12,69,23,0.36392
13_000060,595,22,37,48,0.46577
13_000060,280,72,46,32,0.31793
13_000060,35,12,464,158,0.28203
13_000060,172,83,75,105,0.097143
13_000060,197,44,321,253,0.26937
13_000060,289,152,130,88,0.45483
13_000060,386,48,249,201,0.34692
13_000060,38,69,194,325,0.39458
13_000060,40,257,322,209,0.093479
13_000060,184,202,258,251,0.091386
13_000120,332,74,66,27,0.30202
13_000120,36,80,238,226,0.28643
13_000120,265,47,324,191,0.28358
13_000120,213,67,117,247,0.063732
13_000120,346,152,120,85,0.45063
13_000120,38,177,256,274,0.45734
13_000120,38,298,106,87,0.12006
13_000120,287,222,200,243,0.10347
13_000120,40,268,368,198,0.096714
13_000120,34,12,598,158,0.48369
13_000180,330,47,39,26,0.31578
13_000180,34,12,493,178,0.47574
13_000180,428,115,51,41,0.32117
13_000180,364,97,97,88,0.37564
13_000180,440,12,197,244,0.3435
13_000180,37,92,279,306,0.3792
13_000180,83,226,346,216,0.28586
13_000180,38,272,168,110,0.11009
13_000180,38,382,418,84,0.11847
13_000180,235,12,321,187,0.27023
13_000240,143,12,430,123,0.52334
13_000240,34,12,192,271,0.098962
13_000240,452,86,185,242,0.11654
13_000240,89,73,299,116,0.32466
13_000240,245,130,38,57,0.34877
13_000240,296,172,56,74,0.35388
13_000240,43,124,283,275,0.3014
13_000240,264,23,370,322,0.26534
13_000240,36,253,205,213,0.20081
13_000240,102,317,509,148,0.070684
13_000240,273,12,52,12,0.52944
13_000300,585,12,48,75,0.14517
13_000300,331,12,71,51,0.54143
13_000300,36,12,413,235,0.26083
13_000300,34,12,215,153,0.40796
13_000300,284,36,351,251,0.2778
13_000300,123,106,340,273,0.26008
13_000300,343,212,88,130,0.22958
13_000300,37,204,182,262,0.26435
13_000300,81,221,300,245,0.29456
13_000360,34,12,391,139,0.50337
13_000360,299,77,334,238,0.27839
13_000360,37,115,340,182,0.30166
13_000360,71,198,229,267,0.29027
13_000360,210,243,107,114,0.30729
13_000360,262,260,34,65,0.23153
13_000360,202,253,76,104,0.54913
13_000360,288,131,346,335,0.26851
13_000360,326,178,202,287,0.30147
13_000360,37,202,162,264,0.12498
13_000360,222,233,172,232,0.30129
13_000360,275,12,357,182,0.32297
13_000420,448,27,24,29,0.16824
13_000420,467,46,33,32,0.12644
13_000420,34,12,367,186,0.17101
13_000420,516,152,13,17,0.36923
13_000420,59,102,281,363,0.26232
13_000420,245,126,212,339,0.27154
13_000420,369,12,187,312,0.30477
13_000420,504,170,126,186,0.46757
13_000420,35,222,169,244,0.19667
13_000420,337,257,291,209,0.33221
13_000420,37,94,211,371,0.06214
13_000480,182,12,371,341,0.26755
13_000480,491,12,141,223,0.56948
13_000480,38,12,228,186,0.13658
13_000480,112,140,104,134,0.38584
13_000480,167,69,240,214,0.29856
13_000480,101,145,55,127,0.82239
13_000480,200,158,272,307,0.29435
13_000480,367,98,223,367,0.28999
13_000480,88,185,251,280,0.28032
13_000480,506,215,127,251,0.15153
13_000480,38,162,112,266,0.13906
13_000480,45,416,68,50,0.12241
13_000540,194,12,354,394,0.26046
13_000540,450,12,183,320,0.31855
13_000540,359,118,172,347,0.31917
13_000540,103,225,46,44,0.30393
13_000540,35,194,75,100,0.62569
13_000540,217,217,170,248,0.13211
13_000540,95,266,39,41,0.57698
13_000540,37,83,202,306,0.2974
13_000540,36,302,46,22,0.6421
13_000540,379,86,254,380,0.26892
13_000540,38,257,198,209,0.33095
13_000540,34,12,292,264,0.084799
13_000600,83,12,259,156,0.30235
13_000600,248,108,115,113,0.19962
13_000600,219,125,66,110,0.59332
13_000600,227,114,119,135,0.62813
13_000600,38,12,212,265,0.29845
13_000600,276,12,257,310,0.31008
13_000600,38,194,197,272,0.36251
13_000600,126,207,260,258,0.30686
13_000600,114,405,123,36,0.09458
13_000600,341,224,294,242,0.30095
13_000600,83,373,201,93,0.12648
13_000600,371,12,263,394,0.32227
13_000660,218,90,17,17,0.22882
13_000660,328,12,303,214,0.31206
13_000660,194,107,14,27,0.13455
13_000660,106,12,285,206,0.32376
13_000660,76,12,408,276,0.28297
13_000660,34,12,108,270,0.33372
13_000660,271,98,361,220,0.26556
13_000660,302,217,332,249,0.29144
13_000660,36,255,283,211,0.3482
13_000660,193,373,75,92,0.66
13_000660,244,297,334,169,0.3095
13_000720,34,12,341,159,0.44826
13_000720,302,12,330,218,0.29662
13_000720,187,12,350,194,0.055655
13_000720,37,156,227,210,0.31785
13_000720,159,114,474,309,0.26009
13_000720,212,206,318,259,0.29707
13_000720,184,313,22,32,0.23954
13_000720,151,296,34,64,0.40759
13_000720,157,279,109,111,0.35595
13_000720,200,363,24,14,0.25355
13_000720,37,242,230,224,0.29276
13_000720,468,229,166,237,0.15886
13_000780,236,12,197,259,0.098191
13_000780,235,12,315,418,0.26443
13_000780,118,12,173,209,0.31576
13_000780,557,161,23,17,0.21819
13_000780,38,12,108,393,0.16182
13_000780,121,135,47,94,0.73673
13_000780,421,12,212,411,0.29282
13_000780,127,108,112,133,0.36067
13_000780,274,249,342,217,0.30536
13_000780,491,159,142,307,0.32939
13_000780,98,145,241,320,0.30749
13_000780,44,384,115,82,0.11858
13_000840,554,12,77,110,0.3275
13_000840,294,12,280,261,0.29357
13_000840,112,12,149,352,0.31056
13_000840,231,12,214,257,0.32827
13_000840,36,12,129,454,0.16718
13_000840,540,248,32,29,0.31185
13_000840,87,256,240,209,0.34204
13_000840,370,84,208,381,0.27837
13_000840,273,206,252,259,0.27327
13_000840,100,384,39,24,0.43902
13_000840,420,416,22,33,0.20588
13_000900,37,12,163,343,0.15771
13_000900,322,55,245,311,0.27599
13_000900,208,12,336,184,0.15681
13_000900,534,12,96,322,0.31209
13_000900,119,12,229,341,0.27511
13_000900,232,143,308,263,0.28235
13_000900,288,347,36,18,0.13306
13_000900,74,226,176,239,0.30006
13_000900,41,287,73,179,0.32377
13_000900,178,296,346,169,0.44238
13_000900,525,45,23,27,0.12729
13_000960,38,82,262,384,0.2714
13_000960,257,17,329,379,0.27257
13_000960,38,15,341,328,0.26974
13_000960,156,220,91,134,0.65152
13_000960,149,233,29,104,0.52723
13_000960,288,162,181,303,0.085774
13_000960,458,12,174,336,0.29586
13_000960,210,218,209,247,0.30387
13_000960,546,334,26,21,0.20417
13_000960,38,201,102,265,0.13472
13_000960,435,282,198,184,0.32725
13_000960,54,12,497,103,0.31988
14_000000,107,54,39,24,0.07906
14_000000,356,12,277,263,0.29516
14_000000,33,16,451,313,0.25749
14_000000,455,142,180,147,0.14435
14_000000,65,79,313,247,0.29463
14_000000,46,245,45,36,0.35384
14_000000,71,70,423,276,0.24009
14_000000,216,231,263,222,0.19819
14_000000,357,272,279,194,0.15814
14_000000,90,330,73,24,0.41241
14_000000,34,280,351,186,0.30791
14_000060,33,12,250,173,0.47825
14_000060,235,81,36,30,0.2985
14_000060,336,12,233,173,0.31847
14_000060,515,12,120,350,0.3184
14_000060,167,12,274,171,0.30495
14_000060,272,173,77,22,0.28805
14_000060,34,103,253,198,0.2941
14_000060,338,149,235,159,0.41149
14_000060,86,181,245,193,0.3099
14_000060,35,188,522,263,0.25725
14_000060,35,338,391,128,0.32103
14_000060,314,304,321,162,0.1404
14_000120,35,12,302,184,0.31954
14_000120,247,89,278,173,0.29093
14_000120,145,176,24,12,0.3725
14_000120,305,12,267,291,0.26565
14_000120,36,62,210,228,0.34474
14_000120,406,223,195,242,0.34431
14_000120,35,253,185,213,0.33498
14_000120,54,110,292,355,0.27047
14_000120,440,142,197,324,0.2003
14_000120,282,225,174,240,0.32649
14_000120,99,443,22,13,0.17644
14_000120,388,12,249,204,0.1174
14_000180,234,12,292,279,0.28856
14_000180,56,12,280,251,0.50766
14_000180,335,210,66,24,0.2364
14_000180,33,177,281,223,0.27047
14_000180,163,190,469,275,0.3318
14_000180,34,262,19,27,0.35331
14_000180,33,214,358,230,0.26615
14_000180,173,268,385,197,0.27536
14_000180,33,267,358,199,0.25216
14_000180,480,212,155,254,0.11284
14_000180,409,12,225,225,0.31483
14_000240,380,12,256,120,0.34653
14_000240,125,12,208,245,0.35284
14_000240,269,12,275,198,0.28659
14_000240,34,184,26,40,0.45453
14_000240,279,76,357,389,0.30846
14_000240,79,191,50,56,0.20463
14_000240,427,194,210,272,0.39549
14_000240,69,243,272,223,0.28966
14_000240,34,116,131,350,0.30324
14_000240,124,120,276,318,0.28584
14_000240,388,284,197,181,0.11401
14_000240,34,12,189,171,0.13165
14_000300,317,28,17,20,0.17889
14_000300,223,12,278,140,0.32619
14_000300,501,76,70,56,0.2795
14_000300,395,151,8,12,0.24493
14_000300,275,81,222,384,0.28402
14_000300,463,12,167,391,0.30188
14_000300,257,76,140,356,0.42739
14_000300,82,54,242,332,0.32986
14_000300,371,12,264,454,0.14789
14_000300,448,28,33,19,0.29587
14_000360,417,12,57,39,0.14575
14_000360,102,61,30,75,0.25783
14_000360,127,12,319,208,0.30033
14_000360,367,12,211,281,0.33659
14_000360,34,12,165,288,0.31572
14_000360,128,105,308,270,0.2997
14_000360,264,209,374,257,0.27304
14_000360,33,220,154,246,0.13268
14_000360,76,322,9,8,0.20422
14_000360,285,292,249,173,0.14543
14_000360,135,318,217,147,0.34399
14_000360,475,12,163,287,0.13866
14_000420,35,12,246,117,0.29616
14_000420,36,79,268,132,0.14786
14_000420,36,50,432,273,0.2737
14_000420,194,184,354,281,0.26669
14_000420,36,256,233,157,0.6477
14_000420,381,221,257,207,0.08052
14_000420,38,384,203,82,0.144
14_000420,190,444,13,13,0.61175
14_000420,270,12,365,94,0.14274
14_000480,107,91,78,29,0.30098
14_000480,175,42,356,107,0.30902
14_000480,177,122,341,160,0.48436
14_000480,514,158,9,30,0.14222
14_000480,34,12,148,380,0.14538
14_000480,415,308,34,15,0.57105
14_000480,311,318,17,15,0.64786
14_000480,183,313,309,152,0.32681
14_000480,37,156,455,310,0.26168
14_000480,108,12,381,94,0.33347
14_000540,100,54,32,24,0.17223
14_000540,116,96,14,31,0.11244
14_000540,118,12,231,215,0.10183
14_000540,229,143,38,36,0.2722
14_000540,309,12,217,220,0.11666
14_000540,33,12,237,289,0.28615
14_000540,264,231,81,24,0.30324
14_000540,333,227,296,189,0.43503
14_000540,35,45,328,421,0.25676
14_000540,91,264,547,202,0.28677
14_000540,34,178,202,238,0.31355
14_000540,325,12,310,275,0.3028
14_000600,146,57,361,348,0.25056
14_000600,114,12,521,248,0.069158
14_000600,472,66,166,159,0.15766
14_000600,34,196,16,27,0.43855
14_000600,33,12,222,250,0.31413
14_000600,232,309,24,16,0.31065
14_000600,160,240,223,163,0.2688
14_000600,327,284,305,182,0.13039
14_000600,35,222,337,244,0.30901
14_000600,243,424,11,15,0.62665
14_000600,97,12,260,174,0.09122
15_000000,36,12,305,186,0.15317
15_000000,37,100,188,246,0.33044
15_000000,193,133,181,332,0.36502
15_000000,363,12,271,366,0.27905
15_000000,487,43,149,334,0.13375
15_000000,265,301,82,42,0.24421
15_000000,258,334,12,16,0.35388
15_000000,38,259,327,207,0.11139
15_000000,274,305,78,125,0.54289
15_000000,262,353,24,35,0.31873
15_000000,358,220,279,246,0.31181
15_000000,204,12,321,197,0.27812
15_000060,193,30,305,190,0.28177
15_000060,36,12,198,240,0.34446
15_000060,166,126,274,262,0.29651
15_000060,435,62,174,354,0.30295
15_000060,410,77,227,389,0.29066
15_000060,37,165,408,300,0.25687
15_000060,98,237,41,41,0.28581
15_000060,51,285,62,64,0.29374
15_000060,349,280,78,54,0.32023
15_000060,38,284,289,182,0.15379
15_000060,360,326,77,104,0.60974
15_000060,200,12,434,142,0.30535
15_000120,439,43,196,275,0.14404
15_000120,167,35,270,388,0.40598
15_000120,294,12,339,235,0.26858
15_000120,305,241,331,224,0.077638
15_000120,37,122,142,344,0.13468
15_000120,198,302,68,52,0.39633
15_000120,270,207,188,223,0.31397
15_000120,394,329,243,137,0.11745
15_000120,206,355,39,32,0.35805
15_000120,236,390,19,20,0.36157
15_000120,36,12,272,453,0.24054
15_000120,43,12,442,333,0.25323
15_000180,392,12,231,262,0.31358
15_000180,38,67,170,399,0.096925
15_000180,37,12,339,375,0.24236
15_000180,286,223,11,17,0.43379
15_000180,342,200,263,266,0.28709
15_000180,39,138,216,222,0.093948
15_000180,292,244,31,32,0.2842
15_000180,324,283,16,14,0.23058
15_000180,110,276,299,189,0.30897
15_000180,122,12,287,370,0.2592
15_000180,281,12,136,306,0.51071
15_000240,182,12,345,132,0.30823
15_000240,400,12,235,146,0.31396
15_000240,312,66,323,322,0.2539
15_000240,34,12,266,178,0.58625
15_000240,542,176,95,290,0.34205
15_000240,35,119,256,238,0.30708
15_000240,532,306,19,54,0.41408
15_000240,178,296,79,96,0.29349
15_000240,246,73,313,388,0.3389
15_000240,146,237,371,228,0.30224
15_000240,36,198,365,268,0.26618
15_000240,469,408,27,30,0.40908
15_000300,273,48,144,339,0.73152
15_000300,51,179,16,16,0.328
15_000300,36,12,178,247,0.14763
15_000300,407,12,230,453,0.27088
15_000300,151,12,222,358,0.2639
15_000300,39,214,390,252,0.28521
15_000300,401,204,21,99,0.25609
15_000300,176,63,261,402,0.24056
15_000300,320,307,29,40,0.39995
15_000300,85,295,245,171,0.12321
15_000300,335,12,302,240,0.30826
15_000360,73,12,282,355,0.54912
15_000360,288,80,190,385,0.31111
15_000360,336,181,18,67,0.60439
15_000360,396,63,215,402,0.072887
15_000360,38,86,138,285,0.1122
15_000360,259,290,30,31,0.39628
15_000360,292,326,26,24,0.36229
15_000360,38,12,340,419,0.24262
15_000360,474,235,161,231,0.10897
15_000360,39,272,312,194,0.31124
15_000360,326,12,311,146,0.29322
15_000420,37,44,192,271,0.31839
15_000420,202,30,159,336,0.47743
15_000420,312,225,21,18,0.32534
15_000420,377,12,260,338,0.2947
15_000420,333,12,248,294,0.27535
15_000420,254,260,47,70,0.26976
15_000420,290,309,29,44,0.2418
15_000420,38,189,297,277,0.30305
15_000420,73,119,300,325,0.24663
15_000420,339,128,299,308,0.28131
15_000420,37,12,354,159,0.29794
15_000480,293,12,340,453,0.25122
15_000480,166,12,276,209,0.2888
15_000480,248,12,328,199,0.28744
15_000480,36,12,313,282,0.2921
15_000480,393,158,224,307,0.0898
15_000480,289,328,11,8,0.41612
15_000480,313,323,20,66,0.32374
15_000480,269,354,62,111,0.66424
15_000480,36,252,183,214,0.13878
15_000480,36,135,287,330,0.081886
15_000480,438,76,198,390,0.10154
15_000480,250,12,10,9,0.61036
16_000000,35,35,597,295,0.26882
16_000000,162,70,470,142,0.32936
16_000000,106,125,32,67,0.11492
16_000000,124,105,508,159,0.32518
16_000000,88,185,544,147,0.11077
16_000000,35,260,573,145,0.2657
16_000000,36,347,525,119,0.094841
16_000000,177,272,459,194,0.088393
16_000000,48,379,21,48,0.33151
16_000000,258,387,25,78,0.57319
16_000000,286,383,79,82,0.72401
16_000000,35,12,597,116,0.11802
16_000060,134,157,37,146,0.63575
16_000060,162,157,116,154,0.70188
16_000060,338,12,297,385,0.2862
16_000060,165,152,19,123,0.28463
16_000060,151,189,23,115,0.12859
16_000060,266,12,258,453,0.27796
16_000060,129,204,15,96,0.34415
16_000060,388,279,250,187,0.33644
16_000060,38,15,220,382,0.28145
16_000060,39,284,421,182,0.3202
16_000060,562,328,73,138,0.67679
16_000060,37,12,346,278,0.2893
16_000120,291,12,341,251,0.15622
16_000120,38,80,212,314,0.28167
16_000120,36,12,369,401,0.26111
16_000120,611,172,20,24,0.52942
16_000120,475,72,157,278,0.77366
16_000120,94,231,139,154,0.66489
16_000120,78,229,69,119,0.3378
16_000120,581,357,38,21,0.47453
16_000120,352,161,250,255,0.27163
16_000120,38,143,273,323,0.28248
16_000120,242,334,395,132,0.41676
16_000120,167,12,306,402,0.24239
16_000180,429,12,205,255,0.26428
16_000180,37,12,216,355,0.19376
16_000180,284,50,28,59,0.10801
16_000180,344,40,27,79,0.17243
16_000180,341,123,14,28,0.14949
16_000180,59,12,356,258,0.32778
16_000180,324,12,229,280,0.2953
16_000180,39,159,443,218,0.26088
16_000180,460,87,175,379,0.29956
16_000180,406,240,144,164,0.65796
16_000180,56,236,344,229,0.072629
16_000180,38,304,479,162,0.29094
16_000240,272,12,193,63,0.3762
16_000240,37,12,169,266,0.21585
16_000240,253,61,316,386,0.24091
16_000240,107,70,185,284,0.29839
16_000240,381,12,251,276,0.47617
16_000240,348,12,285,454,0.3116
16_000240,238,281,79,56,0.3609
16_000240,37,127,250,339,0.28082
16_000240,203,12,366,454,0.2497
16_000240,243,286,122,126,0.6329
16_000240,96,169,397,297,0.26615
16_000240,151,12,62,53,0.21377
16_000300,35,12,468,320,0.24765
16_000300,37,72,56,33,0.26073
16_000300,480,18,152,237,0.67087
16_000300,36,168,292,199,0.28643
16_000300,36,89,559,318,0.23735
16_000300,36,209,215,257,0.31351
16_000300,76,64,557,284,0.23001
16_000300,167,246,54,97,0.37878
16_000300,184,247,106,120,0.65554
16_000300,291,223,346,243,0.37412
16_000300,223,239,217,226,0.29704
16_000300,214,12,418,302,0.28951
16_000360,230,12,293,323,0.066685
16_000360,36,67,374,275,0.27548
16_000360,410,12,222,240,0.53996
16_000360,36,176,277,290,0.32617
16_000360,189,173,54,106,0.38991
16_000360,207,175,109,127,0.6662
16_000360,298,12,335,329,0.2513
16_000360,341,155,296,270,0.27211
16_000360,507,373,127,92,0.59495
16_000360,174,312,349,153,0.30961
16_000360,36,12,247,119,0.24501
16_000420,192,17,64,33,0.15795
16_000420,173,12,460,132,0.50508
16_000420,419,131,214,262,0.30676
16_000420,37,12,205,276,0.22172
16_000420,139,133,212,196,0.30542
16_000420,295,210,64,93,0.36359
16_000420,35,224,205,242,0.38121
16_000420,267,70,366,374,0.26687
16_000420,307,215,124,132,0.64747
16_000420,272,215,362,251,0.27985
16_000420,52,318,263,148,0.12657
16_000420,36,14,25,34,0.22664
16_000480,111,12,484,296,0.23271
16_000480,102,37,35,20,0.26544
16_000480,73,48,512,283,0.041891
16_000480,36,12,221,312,0.31135
16_000480,268,180,239,268,0.26785
16_000480,128,120,485,328,0.24299
16_000480,206,236,60,104,0.33391
16_000480,219,238,123,139,0.65496
16_000480,421,126,214,323,0.06005
16_000480,37,208,209,258,0.3539
16_000480,217,313,420,153,0.30217
16_000480,270,12,363,306,0.45222
16_000540,40,12,344,230,0.29673
16_000540,365,12,166,375,0.081446
16_000540,273,58,365,408,0.2531
16_000540,118,128,193,221,0.66469
16_000540,101,124,90,178,0.1833
16_000540,462,12,171,254,0.33396
16_000540,109,126,89,180,0.34064
16_000540,92,126,85,166,0.49518
16_000540,478,157,158,285,0.2345
16_000540,41,18,197,448,0.10098
16_000540,142,232,309,233,0.2891
16_000540,505,443,28,22,0.6389
16_000600,111,12,27,18,0.17682
16_000600,219,12,413,130,0.36534
16_000600,95,91,19,22,0.16491
16_000600,159,48,474,302,0.26266
16_000600,35,160,350,295,0.28492
16_000600,35,12,215,328,0.22384
16_000600,374,206,260,243,0.27915
16_000600,269,232,62,83,0.26668
16_000600,147,130,453,246,0.25176
16_000600,280,236,110,119,0.64122
16_000600,36,303,289,163,0.11915
16_000600,297,288,338,178,0.29053
16_000660,221,12,351,175,0.34611
16_000660,35,92,101,90,0.15164
16_000660,183,100,449,298,0.25731
16_000660,149,12,408,214,0.28603
16_000660,409,12,223,289,0.27712
16_000660,34,12,243,326,0.32396
16_000660,195,219,438,247,0.27769
16_000660,35,181,178,285,0.35374
16_000660,251,299,107,104,0.64689
16_000660,55,284,442,182,0.29342
16_000660,572,420,63,46,0.45805
16_000660,96,12,79,129,0.31033
16_000720,289,12,343,133,0.31314
16_000720,474,102,158,229,0.52404
16_000720,35,12,158,236,0.30464
16_000720,71,145,428,320,0.25146
16_000720,106,89,439,293,0.23417
16_000720,173,299,62,96,0.35763
16_000720,36,211,260,218,0.30305
16_000720,189,304,106,116,0.6484
16_000720,193,175,441,291,0.26386
16_000720,36,327,291,139,0.30426
16_000720,548,409,90,57,0.42839
16_000720,140,12,492,263,0.29054
16_000780,491,18,51,27,0.32433
16_000780,175,12,281,105,0.29173
16_000780,35,12,202,384,0.29487
16_000780,59,12,381,326,0.25669
16_000780,183,45,408,338,0.24636
16_000780,318,139,313,226,0.4526
16_000780,191,221,442,245,0.26672
16_000780,510,275,39,47,0.203
16_000780,36,230,317,235,0.32135
16_000780,34,416,92,50,0.74407
16_000780,440,410,169,56,0.41276
17_000000,450,12,182,76,0.33527
17_000000,505,55,130,78,0.15633
17_000000,292,12,144,98,0.59532
17_000000,37,12,291,255,0.32144
17_000000,335,12,302,323,0.29059
17_000000,217,74,295,235,0.28693
17_000000,405,277,232,189,0.57894
17_000000,270,282,115,93,0.51682
17_000000,37,215,334,223,0.82819
17_000000,39,398,181,68,0.24525
17_000000,203,291,286,174,0.40701
17_000000,83,12,144,56,0.36257
17_000060,227,17,70,94,0.24326
17_000060,465,12,170,91,0.12912
17_000060,281,33,114,83,0.52819
17_000060,63,12,322,283,0.28557
17_000060,302,12,335,303,0.3034
17_000060,36,12,223,454,0.37226
17_000060,279,284,108,95,0.33453
17_000060,428,213,208,253,0.51535
17_000060,483,348,93,32,0.28079
17_000060,95,264,296,191,0.72498
17_000060,63,286,482,180,0.38636
17_000060,409,12,188,63,0.36339
17_000120,65,12,151,72,0.39914
17_000120,278,12,138,86,0.55226
17_000120,38,12,453,185,0.28993
17_000120,297,12,277,396,0.28896
17_000120,476,13,161,339,0.13885
17_000120,37,101,363,185,0.29369
17_000120,36,211,329,255,0.45118
17_000120,318,262,81,78,0.31786
17_000120,82,319,320,147,0.44487
17_000120,474,329,163,137,0.36936
17_000120,257,267,300,199,0.40347
17_000120,464,12,93,45,0.40049
17_000180,49,12,144,68,0.40012
17_000180,265,12,135,84,0.56184
17_000180,38,12,482,262,0.26081
17_000180,460,12,177,191,0.12223
17_000180,106,12,502,268,0.27659
17_000180,419,201,219,265,0.5264
17_000180,133,235,248,183,0.50347
17_000180,270,259,111,96,0.27063
17_000180,36,112,231,354,0.41376
17_000180,451,362,36,40,0.51512
17_000180,58,263,492,203,0.37655
17_000180,445,12,107,31,0.39538
17_000240,37,12,136,77,0.37989
17_000240,245,12,133,84,0.57983
17_000240,340,12,297,257,0.2814
17_000240,37,12,258,239,0.29516
17_000240,205,49,271,236,0.27667
17_000240,411,92,226,304,0.39661
17_000240,36,124,202,341,0.36924
17_000240,289,257,82,73,0.33123
17_000240,74,240,300,185,0.7214
17_000240,233,243,405,223,0.46974
17_000240,60,418,188,48,0.28419
17_000240,429,12,206,66,0.15535
17_000300,36,12,196,138,0.28838
17_000300,115,12,128,106,0.4659
17_000300,269,92,46,60,0.27335
17_000300,414,12,221,239,0.11999
17_000300,296,176,60,55,0.24063
17_000300,226,108,285,214,0.43355
17_000300,39,114,215,352,0.20142
17_000300,269,220,369,246,0.39026
17_000300,444,246,95,123,0.43241
17_000300,279,253,340,155,0.20329
17_000300,75,71,256,394,0.35008
17_000300,234,12,386,290,0.31086
17_000360,393,12,242,175,0.17607
17_000360,180,50,58,46,0.59228
17_000360,266,58,41,58,0.25481
17_000360,36,12,187,115,0.48867
17_000360,39,37,252,315,0.40512
17_000360,225,12,399,232,0.37182
17_000360,251,174,29,31,0.51188
17_000360,271,144,354,293,0.41053
17_000360,444,203,99,117,0.55998
17_000360,283,157,355,309,0.36279
17_000360,44,192,303,274,0.37208
17_000360,131,12,112,48,0.26653
17_000420,162,20,44,22,0.31171
17_000420,325,12,88,67,0.54339
17_000420,402,12,236,135,0.25772
17_000420,121,41,47,63,0.28771
17_000420,195,114,46,43,0.25628
17_000420,83,163,295,150,0.16168
17_000420,37,12,199,402,0.1686
17_000420,43,310,443,156,0.13979
17_000420,78,12,330,197,0.44617
17_000480,480,87,36,64,0.24033
17_000480,148,107,81,77,0.3266
17_000480,270,12,317,225,0.43276
17_000480,490,74,95,114,0.42559
17_000480,314,116,278,166,0.44146
17_000480,35,103,200,238,0.69997
17_000480,306,165,42,72,0.27376
17_000480,393,12,245,385,0.17008
17_000480,159,245,302,213,0.15594
17_000480,39,108,337,358,0.37061
17_000480,38,12,370,107,0.20362
18_000000,433,147,201,173,0.42105
18_000000,275,133,310,186,0.45692
18_000000,42,183,303,127,0.55814
18_000000,76,253,66,35,0.16962
18_000000,187,306,101,21,0.34767
18_000000,103,281,534,104,0.28862
18_000000,38,244,344,222,0.067298
18_000000,479,324,159,106,0.33651
18_000060,333,160,97,65,0.46624
18_000060,545,160,77,72,0.50552
18_000060,189,166,283,159,0.41283
18_000060,34,166,212,124,0.38203
18_000060,379,137,254,190,0.37549
18_000060,549,272,49,42,0.36998
18_000060,37,257,600,137,0.28223
18_000060,40,269,510,197,0.084821
18_000060,381,340,257,126,0.3249
18_000120,34,64,251,172,0.40954
18_000120,261,152,102,44,0.222
18_000120,35,151,332,188,0.31849
18_000120,382,198,55,45,0.15986
18_000120,300,146,333,256,0.15564
18_000120,114,191,520,275,0.25227
18_000120,416,317,51,46,0.3015
18_000120,38,306,554,160,0.17194
18_000120,42,340,246,126,0.10591
18_000180,203,122,291,147,0.10551
18_000180,34,225,450,160,0.2948
18_000180,288,272,113,33,0.27589
18_000180,191,304,58,41,0.25144
18_000180,35,279,565,186,0.32098
18_000180,437,323,195,143,0.23386
18_000180,38,342,107,124,0.13407
18_000240,319,196,140,63,0.29456
18_000240,34,161,501,166,0.2772
18_000240,35,206,490,170,0.3654
18_000240,202,240,60,17,0.34805
18_000240,121,242,54,18,0.31393
18_000240,424,189,211,277,0.41875
18_000240,564,392,32,18,0.31559
18_000240,39,343,94,123,0.13325
18_000240,71,326,420,139,0.35659
18_000300,383,79,184,61,0.30158
18_000300,312,16,327,286,0.34523
18_000300,135,209,90,28,0.33875
18_000300,35,111,304,192,0.33458
18_000300,308,157,198,123,0.81807
18_000300,532,124,97,184,0.58567
18_000300,37,290,241,176,0.15189
18_000300,192,93,408,316,0.2689
18_000300,150,384,451,82,0.13888
18_000360,34,12,236,106,0.38774
18_000360,290,37,183,131,0.74863
18_000360,66,12,504,212,0.30238
18_000360,36,71,266,235,0.088344
18_000360,40,206,281,185,0.083555
18_000360,458,12,177,331,0.35492
18_000360,582,258,39,39,0.48636
18_000360,144,40,407,398,0.25235
18_000360,41,302,363,155,0.12012
18_000360,486,223,152,243,0.25928
18_000360,41,330,479,136,0.17876
18_000360,472,17,28,23,0.34105
18_000420,34,12,169,108,0.58387
18_000420,220,12,361,151,0.35931
18_000420,182,84,234,203,0.61837
18_000420,35,12,314,391,0.26932
18_000420,427,153,72,79,0.25177
18_000420,36,151,231,286,0.13062
18_000420,349,86,282,252,0.37522
18_000420,291,219,342,246,0.32457
18_000420,360,278,274,188,0.23622
18_000420,38,238,381,228,0.32917
18_000420,451,12,81,27,0.34887
18_000480,121,57,8,14,0.22829
18_000480,34,12,301,454,0.066894
18_000480,245,12,220,330,0.091289
18_000480,34,12,194,258,0.3228
18_000480,316,92,237,373,0.12599
18_000480,33,172,197,225,0.32417
18_000480,413,12,225,327,0.24032
18_000480,115,12,249,453,0.034164
18_000480,82,316,21,12,0.2406
18_000480,223,114,229,351,0.06273
18_000480,131,39,9,14,0.255
18_000540,80,12,268,312,0.34179
18_000540,487,54,60,78,0.46205
18_000540,39,12,254,314,0.32419
18_000540,428,105,75,66,0.37564
18_000540,358,140,85,60,0.45028
18_000540,577,222,53,72,0.2827
18_000540,39,271,377,195,0.20766
18_000540,198,181,358,284,0.3357
18_000540,304,44,328,422,0.35504
18_000540,35,12,146,230,0.28676
18_000600,579,12,34,28,0.52141
18_000600,580,84,36,30,0.23168
18_000600,34,35,240,201,0.54654
18_000600,425,12,210,284,0.41605
18_000600,69,12,380,244,0.36979
18_000600,35,197,399,242,0.27932
18_000600,36,253,356,212,0.081625
18_000600,266,149,370,259,0.31503
18_000600,127,304,511,162,0.22634
18_000600,39,399,80,67,0.19393
18_000600,271,12,32,14,0.33304
18_000660,412,62,47,33,0.2389
18_000660,549,89,66,24,0.28389
18_000660,236,12,397,249,0.34815
18_000660,493,159,66,37,0.31223
18_000660,299,58,174,304,0.34854
18_000660,34,19,290,244,0.422
18_000660,35,77,314,255,0.34493
18_000660,416,107,220,259,0.40552
18_000660,36,286,326,180,0.31587
18_000660,123,316,455,149,0.08812
18_000660,290,341,346,125,0.26051
18_000720,372,61,116,45,0.58337
18_000720,593,60,39,41,0.3316
18_000720,521,90,52,96,0.25426
18_000720,34,12,362,233,0.6063
18_000720,466,120,169,297,0.28326
18_000720,64,88,410,193,0.31844
18_000720,265,12,323,407,0.33893
18_000720,35,267,601,199,0.2866
18_000720,34,228,417,220,0.086285
18_000720,37,407,95,59,0.12001
18_000720,542,12,87,47,0.24158
18_000780,93,12,247,84,0.38009
18_000780,408,28,29,14,0.30722
18_000780,512,45,35,56,0.25484
18_000780,122,73,398,189,0.26515
18_000780,153,12,416,147,0.3912
18_000780,34,12,330,249,0.27994
18_000780,599,183,31,22,0.55608
18_000780,267,57,368,275,0.3657
18_000780,38,150,275,316,0.070891
18_000780,141,235,496,211,0.37816
18_000780,354,343,283,123,0.34492
18_000780,70,336,324,129,0.090865
19_000000,38,12,206,190,0.18299
19_000000,226,12,277,237,0.3436
19_000000,410,12,225,282,0.29236
19_000000,55,90,72,35,0.44215
19_000000,37,117,221,202,0.43611
19_000000,90,58,333,160,0.28835
19_000000,212,202,291,129,0.52699
19_000000,347,257,287,209,0.28689
19_000000,36,248,441,217,0.097949
19_000000,225,285,402,181,0.081391
19_000000,39,383,401,83,0.10221
19_000000,139,53,85,41,0.42221
19_000060,554,44,76,53,0.34331
19_000060,35,12,238,163,0.14749
19_000060,295,12,296,142,0.39627
19_000060,233,12,400,414,0.31303
19_000060,76,100,356,244,0.35619
19_000060,36,80,194,334,0.30464
19_000060,35,194,459,272,0.36585
19_000060,68,254,309,175,0.3433
19_000060,403,159,184,266,0.18139
19_000060,370,315,263,151,0.25859
19_000060,231,12,45,30,0.35501
19_000120,36,12,270,109,0.46579
19_000120,294,12,335,104,0.18581
19_000120,37,76,253,117,0.13415
19_000120,36,169,525,150,0.55451
19_000120,37,161,545,128,0.073644
19_000120,586,266,17,16,0.31116
19_000120,37,243,112,120,0.1118
19_000120,280,12,356,330,0.27161
19_000120,325,283,311,183,0.45974
19_000120,80,269,308,182,0.09021
19_000120,39,329,413,137,0.10288
19_000120,435,397,100,68,0.47335
19_000180,511,125,5,5,0.24088
19_000180,545,124,10,7,0.38286
19_000180,57,12,363,220,0.25176
19_000180,175,12,457,242,0.063405
19_000180,35,12,364,394,0.2517
19_000180,97,125,292,279,0.27248
19_000180,395,166,239,217,0.12042
19_000180,342,243,293,223,0.32571
19_000180,37,181,287,284,0.26565
19_000180,35,344,185,122,0.37889
19_000180,174,351,379,115,0.10407
19_000240,371,21,47,54,0.30741
19_000240,127,12,281,214,0.3108
19_000240,137,87,83,45,0.38617
19_000240,217,88,68,31,0.39046
19_000240,35,54,516,236,0.36307
19_000240,37,146,294,227,0.36584
19_000240,420,106,212,237,0.52689
19_000240,167,260,288,205,0.41723
19_000240,39,297,151,169,0.25456
19_000240,357,255,277,211,0.43593
19_000300,110,91,85,80,0.46081
19_000300,297,119,83,62,0.34423
19_000300,408,160,115,65,0.36477
19_000300,34,145,254,294,0.42505
19_000300,337,173,294,178,0.38344
19_000300,196,199,302,266,0.40193
19_000300,453,272,181,194,0.23768
19_000300,36,324,405,142,0.36125
19_000360,223,16,242,315,0.36082
19_000360,295,50,36,34,0.60804
19_000360,301,88,63,25,0.58792
19_000360,318,113,280,199,0.089013
19_000360,34,219,368,246,0.32429
19_000360,36,167,520,299,0.27562
19_000360,34,266,283,200,0.38422
19_000360,469,368,39,39,0.49019
19_000360,116,133,486,333,0.52891
19_000420,159,12,286,130,0.39433
19_000420,413,58,54,27,0.19707
19_000420,248,12,343,164,0.37389
19_000420,33,12,194,220,0.37594
19_000420,75,12,534,221,0.36079
19_000420,311,56,321,237,0.34337
19_000420,392,208,33,16,0.34207
19_000420,393,261,242,205,0.1666
19_000420,35,155,363,201,0.30374
19_000420,210,298,419,168,0.31751
19_000420,36,284,254,182,0.13238
19_000420,413,20,32,19,0.24882
19_000480,33,12,278,301,0.33515
19_000480,142,62,74,34,0.39358
19_000480,159,59,446,157,0.39135
19_000480,33,92,288,244,0.32784
19_000480,233,156,397,153,0.39893
19_000480,303,290,24,21,0.30934
19_000480,368,289,43,20,0.28859
19_000480,301,202,331,183,0.1584
19_000480,389,360,244,106,0.21211
19_000480,35,319,275,147,0.11718
19_000480,112,328,376,137,0.10337
19_000540,39,12,366,165,0.38053
19_000540,370,23,169,165,0.43161
19_000540,39,100,313,247,0.40404
19_000540,237,129,292,336,0.38533
19_000540,414,29,220,253,0.21672
19_000540,437,221,200,245,0.46002
19_000540,101,232,257,233,0.185
19_000540,43,287,136,179,0.29982
19_000540,397,300,82,165,0.27877
19_000540,42,343,42,123,0.21072
19_000540,36,12,187,65,0.19883
19_000600,58,12,92,64,0.19847
19_000600,155,12,174,90,0.18343
19_000600,389,106,22,103,0.23872
19_000600,122,12,296,304,0.36165
19_000600,340,13,159,316,0.42919
19_000600,41,12,184,297,0.19743
19_000600,39,161,339,214,0.38225
19_000600,39,335,245,131,0.2971
19_000600,258,17,45,63,0.29585
1_000000,333,12,300,185,0.41644
1_000000,331,107,44,20,0.28065
1_000000,191,64,433,134,0.37171
1_000000,267,159,28,22,0.080195
1_000000,37,128,346,116,0.14917
1_000000,36,218,169,248,0.41367
1_000000,321,177,314,233,0.36921
1_000000,224,282,105,41,0.58779
1_000000,152,186,343,220,0.31642
1_000000,166,325,473,141,0.1562
1_000060,51,72,77,33,0.35191
1_000060,121,12,514,144,0.33817
1_000060,186,62,398,180,0.28039
1_000060,37,79,321,292,0.26595
1_000060,341,107,297,211,0.31125
1_000060,364,157,126,60,0.54884
1_000060,282,197,75,76,0.55251
1_000060,281,231,99,65,0.18333
1_000060,41,199,303,267,0.11081
1_000060,120,162,365,303,0.28054
1_000120,337,30,82,30,0.30282
1_000120,311,12,322,159,0.4002
1_000120,371,128,264,186,0.32638
1_000120,34,104,412,151,0.3146
1_000120,37,213,341,253,0.29385
1_000120,158,264,54,25,0.59305
1_000120,122,172,335,243,0.2611
1_000120,207,309,92,119,0.6595
1_000120,246,214,275,251,0.28092
1_000120,377,215,262,251,0.24925
1_000120,445,22,102,47,0.21076
1_000180,232,67,35,22,0.57065
1_000180,223,12,410,200,0.55853
1_000180,469,39,170,285,0.1792
1_000180,37,82,346,198,0.34611
1_000180,37,222,401,190,0.30325
1_000180,229,244,85,24,0.55641
1_000180,74,253,44,20,0.59765
1_000180,322,151,277,264,0.32422
1_000180,145,294,88,103,0.55882
1_000180,39,316,366,150,0.31689
1_000240,121,67,445,138,0.29185
1_000240,277,12,357,226,0.095516
1_000240,58,177,68,42,0.35288
1_000240,355,217,99,30,0.54256
1_000240,286,261,62,72,0.60399
1_000240,36,150,281,316,0.081711
1_000240,183,118,454,232,0.28478
1_000240,49,258,346,207,0.26879
1_000240,367,63,32,15,0.2547
1_000300,367,12,271,133,0.12396
1_000300,382,72,107,65,0.23401
1_000300,394,44,68,82,0.53136
1_000300,44,12,294,221,0.078468
1_000300,204,122,435,193,0.075795
1_000300,292,162,332,297,0.091931
1_000300,43,12,369,308,0.27021
1_000300,40,256,189,210,0.14934
1_000300,87,294,470,172,0.14905
1_000300,516,12,72,24,0.59989
1_000360,215,22,417,116,0.35471
1_000360,97,12,464,162,0.26901
1_000360,34,73,161,154,0.36092
1_000360,260,134,375,168,0.30739
1_000360,134,57,190,223,0.27939
1_000360,232,184,39,91,0.5091
1_000360,284,200,105,76,0.56992
1_000360,36,215,598,189,0.27356
1_000360,36,264,224,202,0.20772
1_000360,209,271,351,194,0.082424
1_000360,34,24,64,61,0.37224
1_000420,35,12,224,123,0.18125
1_000420,92,12,528,124,0.48762
1_000420,37,109,595,189,0.26674
1_000420,266,127,366,109,0.32177
1_000420,34,186,171,72,0.59446
1_000420,254,182,378,100,0.30838
1_000420,191,223,100,109,0.1256
1_000420,124,251,444,214,0.28956
1_000420,298,242,37,101,0.082526
1_000420,37,243,281,223,0.12159
1_000480,134,12,498,143,0.40403
1_000480,34,55,340,213,0.32221
1_000480,35,51,193,154,0.3573
1_000480,325,172,105,80,0.55196
1_000480,490,241,85,63,0.10992
1_000480,305,99,330,203,0.11671
1_000480,36,198,224,159,0.51635
1_000480,58,286,123,165,0.11373
1_000480,120,234,343,221,0.30344
1_000480,37,328,532,138,0.11175
1_000480,34,12,100,54,0.37644
1_000540,86,12,546,110,0.3369
1_000540,34,29,58,58,0.30094
1_000540,35,67,486,161,0.29795
1_000540,264,54,371,172,0.28818
1_000540,285,192,107,78,0.56224
1_000540,195,138,141,146,0.41452
1_000540,467,214,106,40,0.1548
1_000540,352,181,286,272,0.29981
1_000540,34,209,181,216,0.33214
1_000540,40,94,246,372,0.29879
1_000540,154,256,332,209,0.29393
1_000600,255,12,377,130,0.56992
1_000600,36,12,489,171,0.33214
1_000600,237,126,399,160,0.31508
1_000600,202,150,33,97,0.56354
1_000600,258,190,99,68,0.60846
1_000600,36,183,132,205,0.11517
1_000600,84,206,433,228,0.28978
1_000600,352,260,112,81,0.080619
1_000600,429,226,129,139,0.073237
1_000600,481,240,155,226,0.16383
1_000600,40,275,599,191,0.08897
1_000600,49,39,73,76,0.07062
1_000660,33,12,272,50,0.27156
1_000660,34,12,436,154,0.284
1_000660,34,12,324,125,0.31177
1_000660,203,12,328,182,0.31604
1_000660,506,129,127,97,0.35616
1_000660,35,141,458,155,0.31958
1_000660,467,164,171,250,0.10688
1_000660,234,222,69,116,0.076566
1_000660,35,225,400,212,0.28087
1_000660,36,281,397,185,0.12346
1_000660,455,12,180,133,0.14464
1_000720,34,12,279,152,0.1338
1_000720,326,109,307,86,0.32338
1_000720,46,72,586,195,0.2635
1_000720,54,167,124,75,0.4499
1_000720,290,142,64,83,0.12418
1_000720,264,152,370,122,0.30337
1_000720,78,185,127,76,0.56708
1_000720,36,153,204,300,0.3375
1_000720,327,210,309,154,0.34267
1_000720,40,231,389,235,0.26874
1_000720,298,12,334,96,0.30399
1_000780,614,12,23,72,0.13539
1_000780,259,48,67,144,0.39562
1_000780,313,68,321,197,0.31713
1_000780,35,12,234,243,0.55143
1_000780,311,117,123,85,0.358
1_000780,542,150,87,79,0.10032
1_000780,152,12,291,301,0.2719
1_000780,357,193,254,188,0.09368
1_000780,38,170,379,231,0.31834
1_000780,41,368,327,98,0.15571
1_000780,252,12,371,170,0.2779
20_000000,35,12,235,166,0.20719
20_000000,196,29,437,186,0.27529
20_000000,35,118,383,266,0.40958
20_000000,159,101,474,191,0.27718
20_000000,285,113,348,327,0.070025
20_000000,35,245,150,221,0.2865
20_000000,136,267,121,162,0.41935
20_000000,444,238,191,227,0.30729
20_000000,52,322,537,144,0.33724
20_000000,560,417,58,49,0.3164
20_000000,578,455,7,8,0.37027
20_000000,166,12,466,162,0.27594
20_000060,234,12,399,230,0.078762
20_000060,58,154,3,3,0.27385
20_000060,35,12,493,268,0.24393
20_000060,299,89,334,286,0.2843
20_000060,491,126,144,340,0.12773
20_000060,245,221,244,208,0.5352
20_000060,34,232,242,158,0.39039
20_000060,175,393,4,4,0.32268
20_000060,209,315,115,150,0.23518
20_000060,238,367,292,98,0.13845
20_000060,35,360,190,106,0.3188
20_000060,33,12,349,255,0.30371
20_000120,114,57,10,8,0.23538
20_000120,325,12,307,152,0.13106
20_000120,34,63,294,157,0.34126
20_000120,304,101,328,277,0.30589
20_000120,36,154,284,172,0.48814
20_000120,413,146,221,258,0.10813
20_000120,208,237,145,108,0.42783
20_000120,463,271,172,195,0.31122
20_000120,363,340,7,9,0.41296
20_000120,37,300,271,166,0.15903
20_000120,188,326,314,139,0.14257
20_000120,34,12,355,165,0.36963
20_000180,259,12,297,189,0.092673
20_000180,313,12,320,320,0.077576
20_000180,35,76,348,241,0.47203
20_000180,463,79,171,271,0.3108
20_000180,35,199,119,225,0.27988
20_000180,126,213,102,157,0.42724
20_000180,531,304,102,119,0.57547
20_000180,328,237,253,228,0.21955
20_000180,499,394,138,72,0.20549
20_000180,610,416,24,25,0.31417
20_000180,37,261,379,205,0.34735
20_000180,35,12,331,166,0.31147
20_000240,63,12,426,133,0.6682
20_000240,35,12,155,142,0.44102
20_000240,274,12,358,180,0.32269
20_000240,285,39,301,415,0.4031
20_000240,208,124,243,162,0.36565
20_000240,35,128,329,196,0.46227
20_000240,312,269,142,104,0.41809
20_000240,490,145,144,321,0.35588
20_000240,37,254,269,211,0.33415
20_000240,77,228,494,238,0.28561
20_000240,48,442,54,24,0.14722
20_000240,76,36,26,13,0.26114
20_000300,46,41,11,18,0.25524
20_000300,432,12,200,209,0.14159
20_000300,34,12,314,97,0.39066
20_000300,34,12,445,205,0.33562
20_000300,164,119,364,271,0.41157
20_000300,35,124,323,201,0.44889
20_000300,454,138,180,328,0.33682
20_000300,37,230,156,235,0.19298
20_000300,285,235,137,98,0.41451
20_000300,147,257,348,156,0.27963
20_000300,117,316,429,149,0.13014
20_000300,47,418,85,48,0.15373
21_000000,398,12,38,16,0.44224
21_000000,34,12,419,140,0.4259
21_000000,35,76,311,172,0.40129
21_000000,234,153,25,38,0.23095
21_000000,230,39,325,250,0.40756
21_000000,370,185,184,221,0.41868
21_000000,457,12,177,321,0.43258
21_000000,38,287,193,179,0.44369
21_000000,247,253,247,212,0.44863
21_000000,314,259,323,207,0.2285
21_000000,36,227,258,238,0.41546
21_000000,221,12,89,33,0.37594
21_000060,249,63,19,60,0.24468
21_000060,68,143,34,67,0.23173
21_000060,34,12,283,260,0.59909
21_000060,227,12,408,257,0.3572
21_000060,264,189,373,226,0.37151
21_000060,139,225,284,186,0.41209
21_000060,383,254,256,212,0.43272
21_000060,573,385,20,81,0.2713
21_000060,102,292,433,173,0.21397
21_000060,37,179,283,287,0.44543
21_000060,322,12,311,165,0.64695
21_000120,248,35,297,163,0.63522
21_000120,415,68,219,335,0.41899
21_000120,88,85,340,247,0.39539
21_000120,308,215,11,20,0.27897
21_000120,323,297,28,36,0.26365
21_000120,395,283,17,39,0.26998
21_000120,34,160,210,306,0.40875
21_000120,306,213,263,211,0.42243
21_000120,49,313,248,153,0.42435
21_000120,189,272,447,194,0.41884
21_000180,402,12,36,124,0.23511
21_000180,114,12,292,114,0.66987
21_000180,35,12,91,126,0.28944
21_000180,126,55,239,289,0.38041
21_000180,329,12,305,256,0.39343
21_000180,37,33,113,294,0.21266
21_000180,233,220,93,117,0.18554
21_000180,39,32,307,434,0.41259
21_000180,128,202,187,198,0.54682
21_000180,232,197,375,268,0.22285
21_000180,446,12,186,78,0.47795
21_000240,508,82,48,30,0.45118
21_000240,313,61,263,170,0.64755
21_000240,152,66,480,264,0.38554
21_000240,521,204,24,56,0.21224
21_000240,439,171,196,295,0.46722
21_000240,190,251,57,52,0.23512
21_000240,33,272,224,194,0.43963
21_000240,200,303,325,162,0.4606
21_000240,114,254,296,211,0.19258
2_000000,509,90,29,73,0.13097
2_000000,203,12,313,227,0.56596
2_000000,420,12,214,227,0.31868
2_000000,93,34,289,141,0.30625
2_000000,83,132,234,154,0.34557
2_000000,278,118,75,167,0.11255
2_000000,34,12,177,328,0.33558
2_000000,495,180,29,105,0.059507
2_000000,221,176,246,185,0.3432
2_000000,413,182,224,284,0.13774
2_000000,37,271,234,195,0.13143
2_000000,172,324,382,142,0.11916
2_000060,255,12,258,309,0.30271
2_000060,573,12,58,44,0.38499
2_000060,37,12,220,208,0.1266
2_000060,397,12,236,197,0.32825
2_000060,188,63,70,84,0.15317
2_000060,252,136,39,52,0.14049
2_000060,39,135,218,234,0.29169
2_000060,486,136,150,325,0.10547
2_000060,38,301,305,165,0.33515
2_000060,118,91,270,307,0.29469
2_000060,223,249,402,217,0.29626
2_000060,60,414,40,52,0.11655
2_000120,424,12,210,216,0.31997
2_000120,34,12,331,185,0.1258
2_000120,582,143,44,26,0.15717
2_000120,273,12,216,264,0.33915
2_000120,298,109,57,132,0.1227
2_000120,508,190,17,71,0.091466
2_000120,388,175,27,60,0.26063
2_000120,35,146,304,212,0.099749
2_000120,37,222,289,244,0.31187
2_000120,204,244,277,221,0.28634
2_000120,507,166,130,300,0.15045
2_000120,306,196,283,270,0.099253
2_000180,99,12,257,181,0.29235
2_000180,533,12,103,227,0.1736
2_000180,319,81,55,157,0.13161
2_000180,56,170,295,211,0.090378
2_000180,34,15,172,310,0.32907
2_000180,425,214,213,252,0.12434
2_000180,309,78,261,247,0.37758
2_000180,213,354,28,56,0.08176
2_000180,36,252,326,214,0.31157
2_000180,276,288,268,177,0.097778
2_000180,44,401,54,65,0.19276
2_000180,192,12,350,141,0.32212
2_000240,444,41,23,49,0.13965
2_000240,506,45,67,103,0.053934
2_000240,219,12,250,132,0.24339
2_000240,442,12,191,247,0.31703
2_000240,503,125,134,341,0.29508
2_000240,107,107,275,229,0.32322
2_000240,34,61,192,344,0.36621
2_000240,325,127,182,202,0.38624
2_000240,290,163,53,149,0.12031
2_000240,37,321,511,145,0.34588
2_000240,306,238,322,190,0.3023
3_000000,238,12,396,155,0.13404
3_000000,604,112,22,15,0.14859
3_000000,536,60,58,103,0.064546
3_000000,103,12,158,157,0.15877
3_000000,38,12,256,331,0.30307
3_000000,328,72,233,284,0.5767
3_000000,315,111,320,323,0.27207
3_000000,209,81,229,343,0.27211
3_000000,37,172,203,280,0.27409
3_000000,236,389,19,23,0.14409
3_000000,37,373,437,93,0.15456
3_000000,465,304,171,162,0.15275
3_000060,518,89,68,93,0.037476
3_000060,574,134,22,20,0.14743
3_000060,307,12,271,365,0.36
3_000060,489,12,146,288,0.29292
3_000060,291,97,344,368,0.25219
3_000060,38,12,215,324,0.12148
3_000060,448,296,188,170,0.15478
3_000060,38,172,248,180,0.33378
3_000060,37,344,398,122,0.12504
3_000060,155,95,206,350,0.26141
3_000060,213,402,20,24,0.13464
3_000060,228,12,310,165,0.32461
3_000120,78,12,314,128,0.32904
3_000120,247,12,385,213,0.39498
3_000120,168,138,39,50,0.16015
3_000120,459,136,174,189,0.32476
3_000120,220,101,279,364,0.27117
3_000120,37,167,206,299,0.30046
3_000120,468,247,29,62,0.07119
3_000120,544,227,81,93,0.11847
3_000120,288,238,199,227,0.56775
3_000120,37,12,272,431,0.27553
3_000120,369,292,266,174,0.34815
3_000180,150,12,238,193,0.10677
3_000180,57,37,47,35,0.21023
3_000180,274,12,223,390,0.40799
3_000180,444,72,47,86,0.05527
3_000180,550,77,79,94,0.11894
3_000180,270,136,365,288,0.25349
3_000180,38,12,193,288,0.10414
3_000180,37,218,175,191,0.16823
3_000180,197,115,183,336,0.28551
3_000180,364,245,272,221,0.3389
3_000180,37,326,512,140,0.28308
3_000180,411,12,223,158,0.13883
3_000240,37,63,159,373,0.16679
3_000240,36,12,329,129,0.12311
3_000240,407,12,227,235,0.20306
3_000240,279,12,233,281,0.30934
3_000240,227,130,27,35,0.19302
3_000240,290,172,296,293,0.37715
3_000240,577,224,28,37,0.073166
3_000240,135,109,244,329,0.27847
3_000240,556,267,27,42,0.073369
3_000240,37,285,288,181,0.084124
3_000240,452,229,183,237,0.3568
3_000240,355,51,15,43,0.11504
3_000300,253,47,50,72,0.051556
3_000300,344,52,289,272,0.27876
3_000300,155,112,46,87,0.096147
3_000300,36,12,178,341,0.11119
3_000300,213,83,225,221,0.28808
3_000300,449,145,186,321,0.31985
3_000300,486,207,44,84,0.056385
3_000300,129,128,179,337,0.091643
3_000300,37,211,152,255,0.32976
3_000300,237,237,287,228,0.40809
3_000300,177,12,323,165,0.29319
3_000360,479,56,28,42,0.052041
3_000360,284,12,349,382,0.24483
3_000360,451,90,43,67,0.073238
3_000360,603,132,31,63,0.34556
3_000360,38,12,156,382,0.14233
3_000360,38,99,309,367,0.27992
3_000360,120,257,55,112,0.36713
3_000360,319,114,276,351,0.26903
3_000360,233,161,152,262,0.5803
3_000360,259,400,61,23,0.047327
3_000360,404,155,233,311,0.31243
3_000360,131,12,471,167,0.10688
3_000420,443,12,193,223,0.32151
3_000420,333,12,204,271,0.28089
3_000420,70,106,57,130,0.26342
3_000420,214,12,176,273,0.76581
3_000420,119,12,159,258,0.29414
3_000420,461,138,176,328,0.32526
3_000420,119,26,308,305,0.26261
3_000420,81,350,10,10,0.134
3_000420,258,222,310,243,0.28841
3_000420,221,339,272,126,0.36347
3_000420,39,259,253,207,0.17243
3_000420,40,12,107,250,0.11888
3_000480,417,12,220,375,0.28396
3_000480,376,71,162,296,0.76693
3_000480,38,12,229,230,0.1313
3_000480,222,12,305,236,0.28445
3_000480,268,28,128,354,0.3353
3_000480,526,176,14,49,0.14457
3_000480,144,153,156,191,0.14139
3_000480,254,236,36,84,0.34854
3_000480,37,113,244,353,0.27482
3_000480,46,338,324,127,0.32644
3_000480,330,184,308,282,0.29708
3_000480,586,23,47,34,0.068032
3_000540,383,12,251,190,0.50182
3_000540,182,69,338,245,0.26219
3_000540,372,89,33,31,0.074096
3_000540,38,12,364,152,0.34015
3_000540,41,65,173,380,0.27572
3_000540,237,73,397,359,0.25575
3_000540,156,133,162,293,0.63223
3_000540,39,173,40,229,0.19685
3_000540,341,323,206,142,0.33347
3_000540,39,127,312,339,0.052929
3_000540,599,12,25,18,0.36044
3_000600,493,158,34,74,0.050954
3_000600,423,12,215,326,0.077423
3_000600,216,12,166,316,0.15531
3_000600,199,165,43,98,0.36466
3_000600,347,28,165,274,0.77775
3_000600,38,203,33,81,0.23119
3_000600,38,12,216,293,0.34836
3_000600,205,12,352,401,0.26513
3_000600,38,286,267,180,0.1631
3_000600,269,304,289,161,0.18561
3_000600,171,12,62,39,0.27549
3_000660,177,46,71,57,0.13797
3_000660,238,29,96,76,0.21
3_000660,35,12,331,259,0.29174
3_000660,339,168,64,39,0.09877
3_000660,36,61,187,405,0.29234
3_000660,507,166,36,45,0.34807
3_000660,294,22,249,308,0.29203
3_000660,486,166,147,300,0.15996
3_000660,184,319,281,146,0.31039
3_000660,63,215,248,251,0.38642
3_000660,262,214,294,252,0.28267
3_000720,194,26,62,77,0.20014
3_000720,113,12,358,287,0.28349
3_000720,413,74,226,392,0.16396
3_000720,273,12,266,148,0.30556
3_000720,36,12,200,299,0.12596
3_000720,192,194,408,271,0.1329
3_000720,62,163,381,253,0.29304
3_000720,36,373,70,44,0.16125
3_000720,34,266,285,200,0.39688
3_000720,36,425,27,35,0.10392
3_000720,459,12,61,63,0.23324
3_000780,37,12,196,221,0.60152
3_000780,377,12,152,265,0.14377
3_000780,542,166,39,22,0.070629
3_000780,211,12,247,379,0.28448
3_000780,440,266,31,31,0.064516
3_000780,497,283,31,20,0.13452
3_000780,39,12,215,328,0.26393
3_000780,90,316,307,149,0.16586
3_000780,376,174,259,292,0.38437
3_000780,529,396,62,58,0.044549
3_000780,39,12,280,454,0.26251
3_000780,475,12,163,341,0.11771
3_000840,411,12,223,225,0.34567
3_000840,162,65,326,210,0.27146
3_000840,56,12,396,190,0.28926
3_000840,37,12,138,390,0.091795
3_000840,290,158,279,255,0.30883
3_000840,397,309,41,24,0.10482
3_000840,72,177,167,254,0.88102
3_000840,480,217,155,249,0.15594
3_000840,199,252,385,213,0.27689
3_000840,381,411,28,32,0.15961
3_000840,38,186,274,280,0.28076
3_000840,180,53,39,31,0.1029
3_000900,570,80,16,17,0.15
3_000900,492,12,142,217,0.6013
3_000900,299,12,260,209,0.31617
3_000900,344,155,222,196,0.11501
3_000900,37,21,311,428,0.26066
3_000900,38,187,393,279,0.2828
3_000900,59,132,174,290,0.7585
3_000900,402,308,21,16,0.12857
3_000900,447,196,188,218,0.30078
3_000900,533,404,35,29,0.13877
3_000900,362,311,274,155,0.16476
3_000900,37,12,260,132,0.16184
3_000960,37,12,401,355,0.2457
3_000960,39,37,194,342,0.31145
3_000960,323,71,312,169,0.30354
3_000960,623,228,12,26,0.24132
3_000960,285,131,352,334,0.26789
3_000960,38,154,70,204,0.14628
3_000960,170,55,146,305,0.58815
3_000960,476,336,20,20,0.1275
3_000960,400,319,236,147,0.15486
3_000960,240,147,176,318,0.28809
3_000960,38,310,281,156,0.13492
3_000960,410,12,224,144,0.12548
3_001020,38,12,198,213,0.15892
3_001020,191,12,136,227,0.15248
3_001020,309,12,151,211,0.82247
3_001020,508,105,129,361,0.31935
3_001020,37,201,203,265,0.10486
3_001020,343,88,283,378,0.29035
3_001020,228,221,335,245,0.28252
3_001020,574,332,33,18,0.10678
3_001020,527,346,16,7,0.15714
3_001020,57,196,295,270,0.31984
3_001020,322,445,9,10,0.27219
3_001020,305,12,331,230,0.25686
4_000000,474,12,149,113,0.0865
4_000000,36,12,170,225,0.14737
4_000000,259,12,236,352,0.27738
4_000000,502,28,102,198,0.28931
4_000000,345,12,289,328,0.31855
4_000000,50,12,309,282,0.29025
4_000000,390,223,63,50,0.32377
4_000000,128,231,253,234,0.37463
4_000000,350,316,285,150,0.37033
4_000000,190,400,69,34,0.23563
4_000000,36,229,285,237,0.33861
4_000000,567,15,67,127,0.089623
4_000060,37,12,385,164,0.1142
4_000060,261,12,372,227,0.28561
4_000060,511,84,123,269,0.33568
4_000060,38,88,318,233,0.27623
4_000060,57,128,262,337,0.27607
4_000060,424,203,211,263,0.29804
4_000060,350,264,22,17,0.34007
4_000060,247,116,274,324,0.25437
4_000060,594,287,41,55,0.088603
4_000060,376,365,43,61,0.20329
4_000060,37,262,183,204,0.23063
4_000060,275,200,293,265,0.31675
4_000120,35,12,268,244,0.33057
4_000120,362,12,273,223,0.32238
4_000120,431,159,204,227,0.30192
4_000120,36,162,335,221,0.29246
4_000120,300,148,196,317,0.29535
4_000120,517,343,20,24,0.39285
4_000120,526,392,25,47,0.33021
4_000120,36,255,285,211,0.37025
4_000120,602,424,33,42,0.33613
4_000120,355,293,278,173,0.11158
4_000120,167,428,98,37,0.1246
4_000120,194,12,292,271,0.29125
4_000180,39,44,19,135,0.14082
4_000180,133,27,230,278,0.29226
4_000180,73,12,375,319,0.27168
4_000180,374,12,261,306,0.26789
4_000180,37,12,221,304,0.2927
4_000180,532,242,30,18,0.32413
4_000180,498,245,135,195,0.5181
4_000180,37,255,339,146,0.36272
4_000180,37,309,285,157,0.13649
4_000180,302,126,333,340,0.27166
4_000180,581,376,41,47,0.18927
4_000180,492,24,143,275,0.12875
4_000240,38,12,319,170,0.33791
4_000240,445,29,190,363,0.28867
4_000240,235,256,28,23,0.29119
4_000240,37,173,399,293,0.28212
4_000240,220,198,261,244,0.32966
4_000240,541,255,71,64,0.11608
4_000240,604,304,30,54,0.18344
4_000240,260,61,345,323,0.2783
4_000240,38,113,170,266,0.15462
4_000240,311,374,35,41,0.14429
4_000240,426,352,209,114,0.15319
4_000240,190,12,443,230,0.26506
4_000300,367,126,268,297,0.26663
4_000300,93,12,246,364,0.27251
4_000300,178,12,156,247,0.12711
4_000300,284,12,242,296,0.30549
4_000300,37,12,176,454,0.30576
4_000300,599,262,22,22,0.12925
4_000300,96,278,22,27,0.37414
4_000300,551,282,36,25,0.17667
4_000300,410,313,53,58,0.35018
4_000300,332,224,302,242,0.30072
4_000300,87,285,439,180,0.12616
4_000300,402,12,231,284,0.42799
4_000360,363,12,271,260,0.12341
4_000360,37,12,231,169,0.12445
4_000360,37,103,160,276,0.29952
4_000360,457,100,178,310,0.28954
4_000360,175,12,287,315,0.25881
4_000360,37,136,182,307,0.31833
4_000360,265,198,249,267,0.32513
4_000360,334,217,301,249,0.29194
4_000360,383,441,9,7,0.41904
4_000360,365,437,8,12,0.40458
4_000360,37,211,438,255,0.25314
4_000360,249,12,236,243,0.28411
4_000420,317,12,316,256,0.29427
4_000420,453,96,182,260,0.31374
4_000420,201,12,298,323,0.26083
4_000420,144,12,183,312,0.26699
4_000420,262,229,257,236,0.3563
4_000420,37,113,260,353,0.31755
4_000420,561,255,73,64,0.13055
4_000420,49,222,334,243,0.2569
4_000420,278,315,8,8,0.41888
4_000420,261,333,10,18,0.42993
4_000420,308,223,328,243,0.28055
4_000420,37,12,264,193,0.11019
4_000480,321,12,314,234,0.25717
4_000480,113,12,301,283,0.29843
4_000480,37,12,185,276,0.14344
4_000480,380,118,16,84,0.30593
4_000480,457,220,22,13,0.1153
4_000480,385,28,250,252,0.33319
4_000480,37,190,357,206,0.27341
4_000480,253,284,11,27,0.14666
4_000480,211,289,24,17,0.3958
4_000480,318,216,318,250,0.31449
4_000480,178,270,352,195,0.32072
4_000480,36,303,173,163,0.13281
4_000540,290,12,273,278,0.27224
4_000540,37,12,165,297,0.12732
4_000540,141,12,216,238,0.30459
4_000540,246,164,9,8,0.26765
4_000540,55,109,238,330,0.291
4_000540,402,230,11,11,0.33427
4_000540,406,164,229,302,0.3214
4_000540,362,12,273,346,0.2841
4_000540,226,78,205,286,0.27499
4_000540,408,304,32,25,0.34171
4_000540,36,294,286,172,0.11958
4_000540,254,229,334,236,0.30122
5_000000,35,12,296,158,0.31235
5_000000,148,149,13,19,0.12874
5_000000,451,12,181,362,0.57393
5_000000,36,88,482,211,0.26713
5_000000,36,181,263,244,0.29453
5_000000,208,172,428,294,0.26363
5_000000,284,279,352,165,0.2848
5_000000,282,348,133,102,0.5699
5_000000,36,256,282,210,0.087798
5_000000,283,392,44,52,0.22783
5_000000,543,448,23,18,0.24205
5_000000,137,12,364,235,0.078658
5_000060,253,12,379,282,0.27707
5_000060,133,12,248,202,0.31502
5_000060,34,12,139,177,0.16187
5_000060,205,131,20,27,0.074444
5_000060,224,160,12,23,0.11377
5_000060,570,182,23,22,0.18671
5_000060,36,159,330,240,0.077957
5_000060,164,142,468,240,0.2639
5_000060,224,282,413,184,0.37566
5_000060,37,198,391,241,0.28528
5_000060,37,373,317,93,0.11243
5_000060,437,12,195,193,0.24398
5_000120,300,12,332,177,0.33696
5_000120,189,28,320,285,0.27019
5_000120,290,181,137,66,0.14542
5_000120,423,129,215,302,0.28071
5_000120,37,151,143,315,0.1538
5_000120,154,140,228,272,0.2848
5_000120,284,232,47,89,0.25694
5_000120,288,199,143,129,0.60693
5_000120,302,224,323,184,0.27931
5_000120,104,324,454,142,0.11659
5_000120,36,12,312,205,0.10101
5_000180,363,12,269,279,0.36125
5_000180,70,56,498,278,0.27003
5_000180,241,212,99,71,0.21564
5_000180,36,43,235,282,0.28795
5_000180,315,222,60,93,0.5023
5_000180,241,251,134,97,0.54912
5_000180,333,218,302,248,0.28695
5_000180,255,298,61,51,0.34253
5_000180,37,239,191,227,0.13201
5_000180,139,307,380,158,0.33567
5_000180,432,404,175,62,0.23154
5_000180,36,12,375,142,0.10532
5_000240,36,12,252,195,0.14093
5_000240,500,12,132,227,0.4161
5_000240,161,127,406,339,0.26317
5_000240,238,206,107,92,0.13459
5_000240,37,104,303,207,0.29035
5_000240,242,248,98,100,0.56001
5_000240,259,215,121,137,0.53889
5_000240,394,158,243,261,0.30142
5_000240,407,206,230,260,0.27597
5_000240,65,412,35,50,0.64331
5_000240,37,197,328,269,0.094145
5_000240,234,12,295,146,0.33938
5_000300,39,12,255,208,0.09652
5_000300,372,109,213,221,0.24086
5_000300,387,122,119,65,0.49106
5_000300,38,45,157,345,0.32578
5_000300,370,137,199,188,0.5985
5_000300,148,74,252,351,0.066721
5_000300,359,175,91,144,0.33171
5_000300,216,164,211,209,0.10175
5_000300,321,347,293,119,0.14555
5_000300,39,323,346,143,0.1403
5_000360,376,12,257,96,0.35433
5_000360,296,43,287,205,0.28128
5_000360,40,12,346,165,0.35704
5_000360,256,201,74,52,0.4508
5_000360,205,152,140,191,0.12686
5_000360,221,165,170,179,0.60586
5_000360,39,41,198,294,0.29268
5_000360,348,192,48,140,0.3745
5_000360,161,232,454,234,0.28393
5_000360,39,255,400,211,0.2977
5_000420,493,12,139,172,0.59865
5_000420,36,12,247,228,0.33919
5_000420,367,12,265,290,0.099611
5_000420,111,12,340,337,0.28624
5_000420,224,250,124,147,0.39459
5_000420,302,239,335,227,0.3033
5_000420,38,190,194,276,0.30073
5_000420,282,305,91,87,0.55495
5_000420,303,263,68,113,0.3653
5_000420,250,277,83,124,0.30242
5_000420,334,190,242,238,0.28167
5_000420,68,330,312,136,0.31779
5_000480,35,12,299,184,0.14258
5_000480,427,12,204,217,0.55107
5_000480,379,12,252,276,0.26631
5_000480,45,205,234,194,0.30464
5_000480,74,225,429,240,0.27239
5_000480,188,166,363,254,0.25507
5_000480,257,268,50,94,0.61572
5_000480,179,272,115,112,0.56455
5_000480,382,392,217,74,0.26408
5_000480,37,112,203,354,0.32414
5_000480,346,396,66,69,0.22775
5_000480,300,12,333,454,0.25196
5_000540,156,12,375,130,0.33932
5_000540,371,62,267,245,0.27078
5_000540,273,121,165,78,0.14865
5_000540,270,179,89,78,0.53392
5_000540,38,12,121,345,0.13864
5_000540,276,144,163,143,0.57797
5_000540,422,122,216,249,0.3083
5_000540,86,12,261,391,0.28454
5_000540,70,333,37,65,0.57366
5_000540,38,246,408,220,0.29035
5_000540,435,12,197,101,0.35607
5_000600,300,12,337,203,0.12288
5_000600,352,135,173,138,0.092221
5_000600,348,196,85,57,0.28553
5_000600,346,211,115,100,0.2644
5_000600,361,164,157,141,0.53576
5_000600,189,12,203,363,0.31201
5_000600,39,247,215,219,0.11076
5_000600,37,93,168,282,0.32058
5_000600,203,292,310,173,0.12087
5_000600,137,344,39,67,0.59946
5_000600,38,12,232,230,0.11079
5_000660,263,12,369,145,0.55276
5_000660,212,12,317,269,0.26297
5_000660,315,172,165,86,0.094447
5_000660,36,12,236,206,0.13114
5_000660,322,228,76,68,0.22307
5_000660,38,129,288,336,0.28257
5_000660,312,234,89,100,0.50327
5_000660,348,196,129,139,0.62348
5_000660,177,261,354,204,0.2762
5_000660,37,133,167,333,0.10875
5_000720,342,12,290,267,0.30148
5_000720,36,12,297,152,0.11141
5_000720,145,12,283,277,0.29873
5_000720,468,12,164,191,0.39038
5_000720,36,129,209,173,0.32541
5_000720,283,262,151,75,0.13568
5_000720,90,198,432,267,0.27369
5_000720,359,216,279,250,0.32847
5_000720,281,314,82,99,0.31613
5_000720,301,288,130,128,0.57267
5_000720,37,230,260,236,0.090869
5_000720,82,25,49,71,0.031223
6_000000,477,12,154,161,0.58361
6_000000,227,12,405,236,0.06895
6_000000,37,12,247,237,0.28504
6_000000,215,186,149,75,0.15303
6_000000,396,170,241,225,0.32894
6_000000,218,238,82,89,0.34815
6_000000,254,217,109,119,0.57656
6_000000,38,86,202,314,0.31007
6_000000,39,350,460,116,0.14582
6_000000,100,206,380,211,0.26849
6_000000,186,12,330,215,0.27681
6_000060,36,12,252,453,0.27479
6_000060,354,12,210,232,0.088395
6_000060,455,12,177,277,0.36796
6_000060,87,110,297,229,0.29846
6_000060,274,191,362,242,0.29112
6_000060,37,241,189,225,0.12836
6_000060,278,280,109,119,0.52072
6_000060,245,307,93,98,0.32888
6_000060,297,331,49,56,0.22903
6_000060,248,326,389,139,0.093854
6_000060,113,12,287,195,0.10729
6_000120,132,12,316,174,0.31975
6_000120,387,12,245,165,0.33346
6_000120,355,52,281,250,0.30691
6_000120,228,153,82,66,0.32671
6_000120,250,215,35,23,0.32738
6_000120,268,128,111,115,0.56045
6_000120,256,177,233,261,0.29065
6_000120,542,289,45,30,0.13726
6_000120,76,119,291,347,0.27235
6_000120,97,341,473,125,0.11553
6_000120,37,12,181,454,0.10681
6_000180,35,12,205,216,0.35189
6_000180,136,12,250,246,0.30995
6_000180,306,12,326,341,0.24825
6_000180,189,185,318,178,0.2934
6_000180,373,12,258,289,0.32672
6_000180,37,207,191,259,0.094435
6_000180,258,323,132,93,0.62809
6_000180,605,351,19,14,0.12625
6_000180,547,379,26,23,0.092977
6_000180,46,281,268,185,0.32448
6_000180,280,286,331,179,0.30802
6_000240,40,12,298,259,0.29302
6_000240,77,112,169,83,0.12274
6_000240,82,171,99,58,0.31025
6_000240,513,19,121,377,0.13941
6_000240,120,136,397,305,0.26971
6_000240,88,219,68,44,0.35781
6_000240,119,144,127,137,0.56954
6_000240,223,39,297,320,0.27564
6_000240,41,242,307,224,0.10394
6_000240,520,359,92,36,0.059662
6_000240,246,12,385,209,0.37188
6_000300,345,14,235,228,0.29844
6_000300,186,12,260,381,0.26872
6_000300,191,84,129,64,0.1896
6_000300,180,130,93,81,0.38834
6_000300,348,12,285,454,0.26809
6_000300,39,129,185,337,0.3469
6_000300,202,208,64,29,0.36725
6_000300,191,106,144,135,0.54107
6_000300,375,203,207,194,0.31953
6_000300,118,270,278,195,0.3038
6_000300,374,350,238,116,0.30244
6_000300,38,12,306,190,0.1106
6_000360,404,12,227,252,0.56907
6_000360,173,12,176,277,0.31384
6_000360,308,12,316,322,0.28592
6_000360,36,12,233,285,0.28026
6_000360,98,186,383,264,0.28636
6_000360,452,65,181,401,0.29522
6_000360,199,256,74,95,0.44036
6_000360,148,287,39,33,0.37835
6_000360,148,255,114,107,0.70241
6_000360,37,271,300,195,0.29414
6_000360,311,389,277,77,0.3296
6_000360,67,12,155,214,0.35313
6_000420,83,12,226,125,0.33917
6_000420,295,12,336,283,0.29606
6_000420,191,25,181,315,0.29411
6_000420,476,12,155,225,0.54844
6_000420,35,12,207,267,0.30442
6_000420,368,60,264,372,0.24926
6_000420,318,207,247,212,0.11347
6_000420,37,121,210,345,0.28676
6_000420,284,276,71,100,0.60152
6_000420,237,323,83,58,0.37349
6_000420,88,258,380,208,0.29797
6_000480,36,12,298,152,0.15529
6_000480,180,110,436,191,0.26495
6_000480,37,133,192,284,0.10932
6_000480,425,12,207,257,0.37537
6_000480,270,224,149,86,0.12376
6_000480,291,250,125,132,0.55163
6_000480,441,260,197,206,0.32104
6_000480,261,269,82,107,0.56765
6_000480,208,250,328,215,0.28232
6_000480,70,211,262,255,0.31699
6_000480,37,399,43,67,0.39717
6_000480,278,12,242,208,0.3188
7_000000,211,12,245,228,0.32463
7_000000,36,12,263,286,0.30849
7_000000,129,83,270,273,0.2702
7_000000,426,12,207,454,0.27523
7_000000,461,57,170,253,0.60315
7_000000,183,288,82,50,0.27758
7_000000,180,300,89,84,0.5415
7_000000,228,272,91,108,0.34976
7_000000,37,217,279,202,0.28084
7_000000,39,335,365,131,0.32544
7_000000,280,224,278,241,0.30605
7_000000,390,447,29,18,0.20112
7_000060,353,12,279,208,0.30602
7_000060,248,149,169,114,0.075068
7_000060,169,12,397,239,0.10094
7_000060,276,183,60,25,0.49734
7_000060,38,12,332,273,0.29645
7_000060,240,199,100,76,0.54418
7_000060,247,188,163,134,0.62379
7_000060,39,164,476,239,0.25707
7_000060,40,296,228,170,0.12234
7_000060,83,292,460,173,0.11188
7_000060,385,204,217,262,0.28296
7_000120,117,12,230,288,0.27182
7_000120,313,144,188,129,0.26489
7_000120,351,180,65,29,0.51693
7_000120,38,12,179,318,0.13223
7_000120,109,121,432,257,0.25874
7_000120,311,177,184,153,0.66632
7_000120,77,318,34,55,0.54359
7_000120,373,65,237,396,0.25627
7_000120,111,332,474,134,0.087983
7_000120,38,303,366,163,0.31067
7_000120,234,12,399,173,0.2587
7_000180,233,12,375,135,0.31408
7_000180,395,12,238,360,0.29301
7_000180,291,107,9,36,0.12284
7_000180,36,94,270,157,0.28334
7_000180,230,134,319,264,0.27068
7_000180,36,184,257,180,0.31615
7_000180,328,176,218,285,0.31792
7_000180,37,289,351,177,0.33661
7_000180,37,394,11,19,0.15685
7_000180,449,302,188,164,0.12389
7_000180,356,399,148,66,0.70044
7_000180,35,12,354,170,0.31436
7_000240,412,12,219,258,0.10315
7_000240,35,12,286,156,0.12684
7_000240,195,12,358,236,0.29367
7_000240,171,136,6,10,0.17667
7_000240,608,157,7,5,0.22224
7_000240,174,161,8,29,0.1431
7_000240,177,142,434,324,0.24903
7_000240,102,229,494,237,0.30255
7_000240,35,34,242,432,0.28576
7_000240,420,133,212,333,0.13408
7_000240,73,279,343,186,0.30468
7_000240,619,433,10,6,0.17878
7_000300,171,56,1,6,0.29078
7_000300,34,12,570,134,0.071616
7_000300,326,12,306,150,0.30659
7_000300,244,109,389,154,0.089887
7_000300,35,59,398,184,0.30119
7_000300,313,163,12,35,0.12972
7_000300,36,150,21,49,0.12867
7_000300,226,192,407,196,0.1139
7_000300,35,270,291,196,0.14134
7_000300,36,183,358,197,0.27455
7_000300,271,273,366,193,0.38723
7_000360,287,12,346,145,0.14522
7_000360,373,110,207,351,0.32837
7_000360,36,12,264,283,0.30216
7_000360,37,45,299,421,0.065973
7_000360,37,224,15,24,0.15498
7_000360,510,91,123,267,0.13343
7_000360,103,255,326,211,0.29712
7_000360,94,311,71,70,0.5537
7_000360,471,311,167,155,0.13184
7_000360,364,375,44,79,0.2935
7_000360,362,327,133,138,0.62545
7_000360,43,12,440,353,0.25432
7_000420,440,12,193,267,0.33513
7_000420,38,12,216,312,0.32691
7_000420,160,115,399,351,0.25862
7_000420,51,12,328,248,0.27226
7_000420,329,232,100,45,0.58058
7_000420,317,229,157,173,0.23219
7_000420,302,259,50,131,0.36394
7_000420,462,182,176,284,0.1178
7_000420,37,315,59,86,0.47257
7_000420,313,271,146,133,0.65322
7_000420,38,247,366,219,0.31925
7_000420,279,12,196,178,0.17731
7_000480,149,12,289,219,0.30526
7_000480,242,144,102,50,0.67029
7_000480,423,12,209,287,0.14742
7_000480,556,68,77,398,0.31606
7_000480,233,144,153,189,0.049397
7_000480,218,181,141,141,0.63909
7_000480,208,178,51,144,0.36605
7_000480,529,241,39,95,0.070725
7_000480,336,250,251,216,0.30903
7_000480,185,54,398,411,0.25411
7_000480,43,122,325,344,0.066855
7_000480,40,12,206,338,0.13063
7_000540,249,12,174,284,0.11374
7_000540,65,42,227,226,0.35511
7_000540,468,186,33,17,0.16129
7_000540,334,12,228,400,0.30039
7_000540,39,12,276,436,0.27116
7_000540,409,177,222,203,0.46341
7_000540,69,314,145,134,0.64243
7_000540,379,185,253,281,0.30612
7_000540,63,309,77,140,0.334
7_000540,396,403,28,46,0.081246
7_000540,40,207,383,259,0.28448
7_000600,36,12,179,217,0.14897
7_000600,436,12,139,454,0.28506
7_000600,489,12,143,454,0.30897
7_000600,396,12,123,319,0.30335
7_000600,37,159,326,239,0.29926
7_000600,38,263,186,188,0.11624
7_000600,195,116,305,318,0.25019
7_000600,227,406,78,40,0.59685
7_000600,566,441,15,20,0.1407
7_000600,217,442,102,23,0.74008
7_000600,38,240,415,226,0.26446
7_000600,130,12,315,179,0.33323
7_000660,136,12,251,291,0.2623
7_000660,380,12,223,179,0.31698
7_000660,441,12,191,347,0.30386
7_000660,37,116,165,303,0.096058
7_000660,238,51,185,228,0.3554
7_000660,282,251,80,38,0.56135
7_000660,258,253,143,150,0.24283
7_000660,262,287,117,112,0.68241
7_000660,248,168,341,298,0.28661
7_000660,531,161,101,305,0.55772
7_000660,39,242,339,224,0.090613
7_000660,37,12,227,225,0.31581
7_000720,37,12,345,294,0.2805
7_000720,238,12,337,199,0.2865
7_000720,37,97,238,310,0.26978
7_000720,182,83,314,248,0.29951
7_000720,481,89,151,377,0.59571
7_000720,278,271,122,145,0.069287
7_000720,261,298,29,101,0.31816
7_000720,361,288,226,178,0.093099
7_000720,271,305,111,109,0.60646
7_000720,38,272,187,194,0.13265
7_000720,83,241,411,224,0.26554
7_000720,436,12,196,267,0.27907
7_000780,35,12,226,172,0.13041
7_000780,333,12,219,292,0.28344
7_000780,533,114,48,29,0.098132
7_000780,148,12,258,264,0.3163
7_000780,129,165,413,300,0.26705
7_000780,455,17,176,283,0.54849
7_000780,413,141,219,325,0.30568
7_000780,59,230,327,195,0.27734
7_000780,210,363,66,28,0.27696
7_000780,245,342,82,110,0.49832
7_000780,36,138,248,328,0.28565
7_000780,203,360,86,92,0.35258
8_000000,368,12,267,244,0.10635
8_000000,515,91,20,9,0.34896
8_000000,257,61,235,251,0.34053
8_000000,439,131,196,193,0.3394
8_000000,38,140,238,326,0.28414
8_000000,416,224,23,32,0.43557
8_000000,316,266,35,34,0.41277
8_000000,36,151,155,296,0.11341
8_000000,36,12,293,325,0.27422
8_000000,99,199,403,267,0.27668
8_000000,105,12,302,156,0.30215
8_000060,469,12,166,280,0.13568
8_000060,162,12,463,160,0.30999
8_000060,77,163,245,302,0.29399
8_000060,37,84,167,382,0.10211
8_000060,218,52,361,277,0.32482
8_000060,302,241,55,34,0.44663
8_000060,273,236,92,95,0.4786
8_000060,292,308,30,23,0.60204
8_000060,498,258,140,149,0.096117
8_000060,255,257,234,208,0.31548
8_000060,36,12,281,186,0.3103
8_000120,368,12,270,284,0.40999
8_000120,234,86,189,189,0.10123
8_000120,328,139,103,133,0.25176
8_000120,46,112,198,247,0.3093
8_000120,300,206,45,75,0.30727
8_000120,313,158,112,123,0.52255
8_000120,263,200,280,265,0.091105
8_000120,200,60,255,340,0.25818
8_000120,40,322,267,144,0.15389
8_000120,39,12,356,324,0.071494
8_000180,160,39,299,291,0.28446
8_000180,38,114,227,352,0.094741
8_000180,360,12,275,238,0.13635
8_000180,345,168,292,203,0.36817
8_000180,90,50,233,382,0.27298
8_000180,283,247,85,49,0.32012
8_000180,287,223,60,40,0.49012
8_000180,215,301,71,42,0.35045
8_000180,247,281,116,71,0.57148
8_000180,246,289,385,177,0.31089
8_000180,37,12,339,133,0.17739
8_000240,327,41,22,38,0.12137
8_000240,94,14,47,67,0.082947
8_000240,93,59,72,86,0.067248
8_000240,107,12,281,130,0.32747
8_000240,395,12,240,288,0.30049
8_000240,136,12,326,222,0.28511
8_000240,362,134,273,222,0.35396
8_000240,37,209,164,257,0.16073
8_000240,193,218,261,204,0.39231
8_000240,35,12,317,453,0.26118
8_000240,492,12,48,39,0.32037
8_000300,521,22,15,25,0.31089
8_000300,37,12,136,315,0.17918
8_000300,497,42,25,18,0.3012
8_000300,55,12,340,290,0.08999
8_000300,335,12,302,241,0.12439
8_000300,350,177,86,77,0.49268
8_000300,191,89,266,332,0.12383
8_000300,41,186,232,280,0.082679
8_000300,39,270,171,142,0.12382
8_000300,224,383,27,26,0.31654
8_000300,216,198,340,268,0.079572
8_000360,198,12,54,137,0.37172
8_000360,221,125,73,54,0.17413
8_000360,407,12,231,328,0.077104
8_000360,523,88,115,266,0.15424
8_000360,324,12,210,254,0.11792
8_000360,181,225,24,23,0.32101
8_000360,248,12,161,385,0.30727
8_000360,180,222,271,243,0.10757
8_000420,89,12,298,205,0.089062
8_000420,382,108,231,358,0.36331
8_000420,37,12,219,453,0.2677
8_000420,226,41,207,297,0.10809
8_000420,36,322,29,10,0.53778
8_000420,36,283,155,183,0.17969
8_000420,135,126,140,339,0.10177
8_000420,257,268,205,197,0.12907
8_000420,48,410,55,19,0.095311
8_000420,147,440,58,25,0.14172
8_000420,234,12,355,190,0.12553
8_000480,36,12,213,134,0.36731
8_000480,195,12,216,214,0.33966
8_000480,133,119,242,230,0.28234
8_000480,38,92,200,374,0.29571
8_000480,86,226,282,214,0.28928
8_000480,353,52,153,312,0.10474
8_000480,327,340,79,29,0.15629
8_000480,369,362,229,26,0.40058
8_000540,582,71,30,15,0.22389
8_000540,588,87,28,28,0.11655
8_000540,114,22,278,194,0.29549
8_000540,330,12,303,334,0.27584
8_000540,34,12,163,359,0.12599
8_000540,37,222,334,244,0.31351
8_000540,142,160,325,184,0.30888
8_000540,397,224,238,163,0.36609
8_000540,255,315,32,33,0.45782
8_000540,211,312,302,153,0.31005
8_000540,445,361,191,105,0.14293
8_000540,106,12,498,138,0.30797
8_000600,477,12,64,52,0.11878
8_000600,35,12,198,175,0.17141
8_000600,197,12,210,195,0.32838
8_000600,437,12,196,363,0.12146
8_000600,569,111,41,60,0.082764
8_000600,202,12,372,294,0.26465
8_000600,182,197,280,268,0.34006
8_000600,36,116,182,350,0.13417
8_000600,235,300,118,88,0.67062
8_000600,92,157,147,308,0.301
8_000600,369,256,266,173,0.34723
8_000600,249,351,386,115,0.30785
8_000660,219,12,313,235,0.30503
8_000660,36,12,254,172,0.15329
8_000660,37,119,250,204,0.10545
8_000660,473,12,161,319,0.1293
8_000660,260,142,204,253,0.32581
8_000660,252,257,39,28,0.54018
8_000660,38,217,284,249,0.32581
8_000660,382,75,254,391,0.27273
8_000660,176,304,57,64,0.38155
8_000660,186,315,291,150,0.30566
8_000660,407,354,207,112,0.31947
8_000660,515,12,80,78,0.11695
8_000720,41,12,253,282,0.15793
8_000720,220,12,304,170,0.13118
8_000720,149,117,472,186,0.11948
8_000720,256,186,322,177,0.1029
8_000720,159,194,143,271,0.28353
8_000720,39,234,163,231,0.14081
8_000720,427,396,108,69,0.56182
8_000720,37,387,77,79,0.34195
8_000720,180,292,394,173,0.12831
8_000720,242,12,110,59,0.12197
8_000780,34,53,192,247,0.10155
8_000780,308,271,67,96,0.043532
8_000780,461,279,73,95,0.28981
8_000780,378,267,52,104,0.2767
8_000780,450,309,184,157,0.48314
8_000780,147,154,265,286,0.32001
8_000780,36,196,201,270,0.35161
8_000780,212,228,334,237,0.2676
8_000840,158,12,280,228,0.090794
8_000840,416,12,222,177,0.13686
8_000840,196,110,212,293,0.13761
8_000840,38,109,218,266,0.098579
8_000840,204,249,5,6,0.26375
8_000840,350,28,213,339,0.27811
8_000840,168,285,368,180,0.14972
8_000840,40,276,179,190,0.12178
8_000840,37,12,346,201,0.36868
8_000900,354,12,213,133,0.13059
8_000900,258,109,22,42,0.43763
8_000900,278,12,253,267,0.28828
8_000900,39,55,326,222,0.091839
8_000900,362,12,274,373,0.31128
8_000900,42,177,287,289,0.093329
8_000900,94,259,284,207,0.082388
8_000900,248,304,238,161,0.19568
8_000900,204,382,53,83,0.28911
8_000900,39,12,325,115,0.18083
8_000960,355,49,24,27,0.65349
8_000960,341,54,287,265,0.091462
8_000960,381,12,258,179,0.16009
8_000960,38,12,202,242,0.37013
8_000960,176,12,230,223,0.29919
8_000960,39,141,317,317,0.088987
8_000960,135,174,340,249,0.076558
8_000960,437,318,34,51,0.048445
8_000960,41,343,371,123,0.11537
8_000960,39,12,28,43,0.12475
8_001020,162,12,181,48,0.3363
8_001020,518,17,95,39,0.28826
8_001020,266,12,367,168,0.33792
8_001020,40,16,179,99,0.10724
8_001020,315,54,99,53,0.11199
8_001020,575,73,56,50,0.32229
8_001020,45,47,366,149,0.10002
8_001020,230,119,405,265,0.31597
8_001020,40,182,198,284,0.185
8_001020,235,274,377,192,0.34251
8_001020,352,212,287,254,0.12046
8_001080,404,177,75,52,0.38679
8_001080,329,184,70,77,0.31869
8_001080,103,239,89,54,0.28874
8_001080,153,162,480,180,0.27727
8_001080,263,303,190,50,0.31078
8_001080,303,288,331,178,0.30932
8_001080,35,307,342,137,0.41911
8_001080,36,370,463,96,0.1291
9_000000,36,12,334,228,0.27425
9_000000,105,12,408,161,0.38264
9_000000,256,12,379,284,0.48019
9_000000,40,150,74,97,0.47743
9_000000,62,163,69,121,0.20847
9_000000,361,234,31,70,0.076774
9_000000,230,217,32,54,0.26019
9_000000,254,193,372,195,0.28575
9_000000,293,297,47,44,0.15155
9_000000,36,150,257,316,0.095725
9_000000,79,312,344,154,0.32676
9_000060,169,12,320,116,0.17326
9_000060,37,12,280,239,0.33206
9_000060,394,84,243,255,0.28891
9_000060,188,12,443,225,0.48276
9_000060,179,139,90,94,0.27007
9_000060,204,211,77,91,0.23245
9_000060,259,149,334,316,0.27288
9_000060,277,196,68,98,0.12972
9_000060,38,235,193,96,0.088925
9_000060,64,260,315,205,0.10054
9_000060,42,283,195,183,0.11291
9_000120,555,48,83,89,0.13906
9_000120,184,12,451,214,0.56568
9_000120,331,40,307,235,0.28625
9_000120,37,90,232,145,0.38826
9_000120,180,156,186,147,0.31168
9_000120,37,208,195,180,0.31455
9_000120,246,164,333,284,0.27632
9_000120,181,272,116,93,0.18512
9_000120,405,222,192,244,0.1423
9_000120,44,318,384,148,0.12184
9_000120,39,12,421,187,0.10352
9_000180,196,12,436,206,0.51558
9_000180,174,110,153,180,0.4114
9_000180,36,48,181,219,0.30165
9_000180,290,166,242,113,0.10225
9_000180,201,186,144,90,0.32385
9_000180,465,104,174,265,0.13109
9_000180,348,262,287,171,0.091782
9_000180,92,211,139,107,0.12072
9_000180,41,222,132,244,0.12491
9_000180,80,242,378,224,0.28097
9_000180,42,12,450,146,0.33147
9_000240,242,12,282,124,0.17796
9_000240,38,37,114,175,0.44292
9_000240,35,12,332,260,0.29551
9_000240,542,12,95,314,0.29205
9_000240,250,109,300,155,0.59884
9_000240,137,158,225,171,0.29592
9_000240,299,165,83,58,0.53437
9_000240,41,192,187,217,0.13974
9_000240,329,233,279,143,0.11422
9_000240,42,233,375,233,0.06978
9_000300,68,12,388,142,0.1552
9_000300,276,12,355,241,0.48105
9_000300,134,142,173,107,0.44613
9_000300,272,204,205,158,0.25986
9_000300,172,153,138,104,0.28375
9_000300,395,130,242,239,0.32037
9_000300,181,207,107,98,0.3477
9_000300,40,237,134,229,0.11897
9_000300,61,259,284,207,0.080329
9_000300,196,265,296,200,0.10095
9_000300,36,12,191,318,0.098061
9_000360,35,12,282,202,0.37145
9_000360,309,12,323,222,0.35456
9_000360,131,113,123,105,0.30124
9_000360,215,12,270,242,0.29471
9_000360,138,137,91,106,0.26146
9_000360,317,211,318,167,0.45808
9_000360,306,290,123,100,0.34134
9_000360,368,288,86,64,0.33694
9_000360,36,144,311,278,0.30666
9_000360,297,335,64,75,0.18402
9_000360,40,325,338,141,0.12555
9_000420,141,12,340,222,0.11878
9_000420,36,12,327,244,0.34044
9_000420,170,189,465,161,0.34928
9_000420,35,129,174,240,0.29686
9_000420,192,292,103,109,0.20271
9_000420,97,289,105,133,0.19423
9_000420,436,295,201,171,0.34091
9_000420,40,334,117,132,0.12966
9_000420,125,259,360,206,0.29658
9_000420,325,388,174,77,0.12067
9_000420,483,15,148,201,0.34529
9_000480,37,54,198,198,0.14976
9_000480,156,98,292,287,0.27687
9_000480,358,189,173,188,0.13762
9_000480,523,264,48,73,0.43405
9_000480,39,187,176,279,0.21811
9_000480,307,321,11,29,0.14295
9_000480,58,319,28,22,0.30175
9_000480,425,255,210,211,0.45741
9_000480,62,238,356,228,0.16915
9_000540,35,12,76,88,0.62414
9_000540,37,12,336,242,0.10772
9_000540,324,152,88,54,0.069613
9_000540,211,98,280,343,0.12902
9_000540,42,147,280,176,0.085012
9_000540,406,223,62,64,0.11111
9_000540,409,288,59,28,0.14485
9_000540,47,212,262,254,0.12497
9_000540,252,287,250,178,0.10753
9_000540,199,12,83,33,0.46779
9_000600,143,12,175,148,0.44074
9_000600,42,12,194,159,0.20394
9_000600,198,12,437,170,0.35992
9_000600,57,127,304,182,0.47001
9_000600,349,126,238,266,0.30653
9_000600,39,103,125,328,0.23271
9_000600,81,270,212,195,0.068544
9_000600,42,227,349,239,0.31395
9_000600,48,12,150,78,0.095795
9_000660,47,12,210,267,0.13668
9_000660,244,61,359,246,0.090486
9_000660,253,177,310,172,0.10123
9_000660,45,151,194,194,0.14726
9_000660,499,317,46,23,0.28281
9_000660,39,338,154,89,0.52329
9_000660,35,325,452,141,0.6055
9_000660,165,224,117,168,0.24146
9_000660,213,340,72,84,0.26586
9_000660,455,298,182,168,0.36185
9_000660,159,12,348,327,0.060559
9_000720,47,12,425,229,0.094397
9_000720,44,52,369,219,0.29915
9_000720,279,76,356,289,0.35567
9_000720,190,199,59,61,0.43795
9_000720,129,246,306,170,0.34087
9_000720,41,212,205,254,0.31316
9_000720,250,355,92,75,0.061072
9_000720,189,328,200,137,0.047672
9_000720,81,410,83,56,0.21638
9_000720,144,379,146,86,0.12455
9_000720,233,12,402,259,0.35682
