10_000000,36,12,317,275,0.34873
10_000000,38,233,526,119,0.36115
10_000000,364,142,274,324,0.22139
10_000000,201,313,264,73,0.49588
10_000000,35,304,246,162,0.31849
10_000000,213,341,297,109,0.69885
10_000000,156,399,215,66,0.32389
10_000000,248,12,289,256,0.33931
10_000060,36,12,404,228,0.3038
10_000060,585,120,48,176,0.2968
10_000060,38,139,581,190,0.31731
10_000060,197,296,213,75,0.48346
10_000060,34,316,280,150,0.3292
10_000060,244,287,313,145,0.67794
10_000060,207,12,380,226,0.3128
10_000120,173,12,350,279,0.31547
10_000120,291,12,347,261,0.32738
10_000120,37,12,263,306,0.32225
10_000120,297,343,307,68,0.28332
10_000120,527,341,108,73,0.46914
10_000120,34,377,350,89,0.18338
10_000120,284,376,350,90,0.7333
10_000180,198,128,197,78,0.50996
10_000180,35,127,338,170,0.33959
10_000180,203,125,390,193,0.72482
10_000180,117,216,255,127,0.30208
10_000180,40,271,511,195,0.10667
10_000240,303,12,335,353,0.24777
10_000240,239,12,335,287,0.32816
10_000240,509,104,123,141,0.69267
10_000240,166,215,446,250,0.33937
10_000240,279,298,51,79,0.19903
10_000240,64,12,246,278,0.25331
10_000300,223,12,312,174,0.49394
10_000300,398,12,238,333,0.31988
10_000300,167,12,336,429,0.28807
10_000300,207,139,431,326,0.45284
10_000300,125,12,258,396,0.29278
10_000300,32,328,199,138,0.32267
10_000300,431,401,201,65,0.61401
10_000360,403,12,235,305,0.2907
10_000360,205,12,200,407,0.43145
10_000360,279,12,190,453,0.40447
10_000360,567,318,65,99,0.76083
10_000360,485,369,149,97,0.3692
10_000360,101,12,147,373,0.50177
10_000420,276,37,44,94,0.47515
10_000420,313,12,325,171,0.19453
10_000420,33,52,287,378,0.31082
10_000420,479,265,154,104,0.78372
10_000420,235,214,327,156,0.34495
10_000420,138,283,499,183,0.27487
10_000420,40,388,570,78,0.17215
10_000480,37,12,298,173,0.33846
10_000480,93,12,497,152,0.32599
10_000480,38,150,590,108,0.36894
10_000480,471,233,166,130,0.30274
10_000480,169,239,321,79,0.51584
10_000480,35,247,332,155,0.31636
10_000480,222,271,323,111,0.6123
10_000540,38,43,600,141,0.32395
10_000540,516,127,119,112,0.36372
10_000540,35,160,311,165,0.30669
10_000540,274,146,353,129,0.76256
10_000540,231,215,204,99,0.22731
10_000540,38,246,330,220,0.34521
10_000540,41,12,595,111,0.12268
10_000600,100,12,355,238,0.33124
10_000600,453,171,49,52,0.44942
10_000600,587,199,46,116,0.18523
10_000600,38,174,306,237,0.31293
10_000600,36,12,454,321,0.28577
10_000600,39,304,506,162,0.49381
10_000600,181,217,454,249,0.46601
10_000660,38,12,236,191,0.36257
10_000660,541,12,95,250,0.18104
10_000660,420,195,129,57,0.59204
10_000660,40,188,278,123,0.5046
10_000660,34,149,516,261,0.40293
10_000660,44,327,443,139,0.11146
10_000720,37,63,435,207,0.32876
10_000720,39,245,519,115,0.51128
10_000720,35,241,599,225,0.45741
10_000720,188,371,135,73,0.43282
10_000720,117,401,333,64,0.58286
10_000720,36,12,461,238,0.33933
10_000780,36,12,282,324,0.31953
10_000780,338,117,52,45,0.33274
10_000780,42,83,329,212,0.29289
10_000780,517,181,114,71,0.4767
10_000780,39,240,397,198,0.3881
10_000780,36,120,598,346,0.34802
11_000000,33,12,138,138,0.48674
11_000000,363,19,269,278,0.55172
11_000000,131,278,65,52,0.33631
11_000000,39,12,416,425,0.27889
11_000000,230,303,107,135,0.12783
11_000000,258,259,375,207,0.26027
11_000000,35,288,485,178,0.31812
11_000000,114,12,235,332,0.34468
11_000060,243,12,387,150,0.5465
11_000060,38,12,327,453,0.29461
11_000060,37,124,237,248,0.42663
11_000060,270,200,81,137,0.22903
11_000060,341,115,292,351,0.35964
11_000060,200,221,299,244,0.34263
11_000060,35,386,157,80,0.21025
11_000060,34,32,52,102,0.3581
11_000120,412,77,43,48,0.36744
11_000120,370,86,265,374,0.27761
11_000120,33,12,224,336,0.34824
11_000120,74,12,556,225,0.51501
11_000120,225,144,375,321,0.29687
11_000120,413,321,220,145,0.1917
11_000120,34,288,295,178,0.31345
11_000120,505,22,49,53,0.29495
11_000180,76,12,555,237,0.48878
11_000180,529,144,54,43,0.3589
11_000180,145,93,487,227,0.30284
11_000180,102,215,64,70,0.22014
11_000180,429,228,206,238,0.16352
11_000180,184,248,275,217,0.34952
11_000180,36,181,194,285,0.10044
11_000240,109,14,318,451,0.26128
11_000240,41,12,141,138,0.34088
11_000240,33,12,78,236,0.52333
11_000240,135,85,199,317,0.65513
11_000240,251,12,381,290,0.49897
11_000240,297,163,337,303,0.37825
11_000240,38,145,299,320,0.29765
11_000240,34,363,154,103,0.23863
11_000300,34,12,303,224,0.29226
11_000300,50,95,216,296,0.32625
11_000300,275,32,361,292,0.40752
11_000300,36,251,359,215,0.3895
11_000300,164,424,21,36,0.2891
11_000300,356,307,279,159,0.16429
11_000300,197,12,439,239,0.26724
11_000360,315,12,322,289,0.41509
11_000360,254,187,90,99,0.2568
11_000360,34,12,232,406,0.62119
11_000360,329,247,53,76,0.15302
11_000360,130,74,508,332,0.25488
11_000360,330,160,305,306,0.18594
11_000360,35,280,337,186,0.39124
11_000360,181,12,371,196,0.31959
11_000420,215,176,135,150,0.14423
11_000420,34,12,190,350,0.55141
11_000420,280,59,214,257,0.74485
11_000420,225,185,95,100,0.47159
11_000420,93,41,484,374,0.2506
11_000420,35,251,275,215,0.40851
11_000420,276,141,360,325,0.17861
11_000420,175,12,463,194,0.33656
11_000480,179,63,282,271,0.67556
11_000480,136,234,106,85,0.36518
11_000480,112,179,256,191,0.1963
11_000480,44,123,471,342,0.27046
11_000480,36,268,130,198,0.3852
11_000480,297,172,339,294,0.51498
11_000480,43,12,315,185,0.13871
11_000540,144,37,277,368,0.31238
11_000540,34,12,202,165,0.32606
11_000540,39,12,315,297,0.29937
11_000540,40,108,426,357,0.263
11_000540,233,317,353,149,0.31823
11_000540,359,82,274,384,0.48294
11_000540,35,342,126,124,0.22654
11_000540,326,12,303,79,0.35934
11_000600,39,12,405,453,0.26172
11_000600,96,77,299,334,0.67455
11_000600,207,50,316,390,0.27441
11_000600,34,12,271,189,0.3828
11_000600,369,12,264,454,0.29659
11_000600,597,281,27,35,0.36392
11_000600,35,337,100,129,0.23715
11_000600,265,306,354,160,0.38214
11_000660,39,23,309,423,0.28214
11_000660,33,12,264,224,0.36296
11_000660,187,34,272,366,0.32339
11_000660,335,12,298,379,0.4293
11_000660,276,312,358,154,0.2016
11_000660,39,141,448,324,0.24537
11_000660,35,368,79,98,0.25288
11_000660,503,64,70,52,0.32952
11_000720,202,12,428,166,0.16308
11_000720,34,12,307,231,0.33703
11_000720,300,102,336,363,0.28475
11_000720,164,181,351,284,0.32235
11_000720,247,312,54,94,0.28359
11_000720,35,188,208,278,0.33472
11_000720,411,316,222,150,0.1779
11_000720,491,18,119,103,0.30307
12_000000,36,12,285,297,0.3317
12_000000,165,12,305,453,0.28342
12_000000,38,156,146,310,0.32884
12_000000,139,294,107,121,0.78518
12_000000,132,292,66,130,0.2374
12_000000,198,169,435,297,0.30948
12_000000,476,424,23,41,0.13037
12_000000,428,12,205,366,0.53239
12_000060,506,12,127,43,0.37226
12_000060,37,12,248,248,0.10984
12_000060,184,89,418,376,0.2758
12_000060,39,77,189,389,0.33577
12_000060,173,224,127,115,0.54866
12_000060,340,46,295,420,0.31035
12_000060,181,298,85,59,0.60004
12_000060,262,12,297,200,0.3456
12_000120,40,12,373,385,0.27778
12_000120,311,12,324,285,0.50035
12_000120,73,199,159,114,0.1938
12_000120,77,242,154,123,0.77685
12_000120,90,309,75,61,0.34612
12_000120,440,219,196,247,0.26432
12_000120,41,212,450,254,0.30424
12_000120,39,12,265,206,0.26813
12_000180,40,12,305,267,0.27885
12_000180,41,47,180,419,0.28843
12_000180,269,12,303,281,0.3515
12_000180,70,176,212,209,0.38903
12_000180,152,208,486,257,0.28513
12_000180,141,245,117,124,0.73771
12_000180,418,12,219,267,0.30992
12_000240,130,17,162,140,0.6849
12_000240,225,100,64,86,0.3268
12_000240,103,92,140,115,0.39012
12_000240,100,12,527,275,0.2985
12_000240,42,12,264,454,0.29167
12_000240,221,196,269,269,0.32724
12_000240,81,14,132,168,0.18301
12_000300,77,103,29,41,0.54682
12_000300,41,12,390,333,0.29797
12_000300,269,12,303,289,0.29536
12_000300,505,12,128,235,0.42074
12_000300,35,146,79,116,0.5832
12_000300,39,109,272,357,0.30371
12_000300,305,247,329,219,0.2701
12_000300,234,173,401,292,0.28152
12_000360,42,12,234,216,0.29764
12_000360,230,113,129,108,0.20381
12_000360,305,115,125,144,0.58884
12_000360,255,173,129,105,0.72652
12_000360,41,176,307,290,0.26355
12_000360,282,283,295,182,0.39576
12_000360,241,12,354,202,0.10711
12_000420,41,12,464,218,0.28595
12_000420,39,150,107,121,0.081361
12_000420,85,151,128,140,0.41594
12_000420,47,232,162,92,0.66853
12_000420,480,12,156,454,0.48083
12_000420,336,93,280,372,0.2834
12_000420,66,128,387,337,0.27964
12_000420,41,268,239,198,0.25667
12_000480,36,12,597,191,0.36122
12_000480,570,76,22,27,0.23505
12_000480,296,25,340,264,0.33159
12_000480,38,92,363,334,0.24032
12_000480,41,292,379,174,0.32132
12_000480,346,372,78,56,0.50909
12_000480,319,222,320,244,0.38213
12_000480,353,450,41,15,0.22509
12_000540,36,12,303,173,0.13961
12_000540,207,28,282,244,0.28735
12_000540,291,57,345,394,0.29671
12_000540,200,183,436,283,0.32077
12_000540,205,343,105,75,0.8403
12_000540,397,384,33,17,0.11408
12_000540,38,111,274,355,0.3285
12_000540,330,12,302,178,0.54717
12_000600,38,12,207,407,0.37346
12_000600,483,12,149,329,0.38519
12_000600,564,87,51,40,0.28597
12_000600,136,21,233,368,0.29166
12_000600,234,167,315,259,0.30455
12_000600,39,290,508,176,0.29801
12_000600,529,337,103,129,0.44474
12_000600,242,12,284,324,0.25838
12_000660,36,12,359,183,0.28014
12_000660,458,69,178,397,0.3178
12_000660,367,12,220,426,0.32145
12_000660,156,60,451,406,0.27512
12_000660,206,231,106,129,0.37301
12_000660,236,248,91,102,0.77784
12_000660,37,96,228,370,0.3424
12_000660,528,12,105,63,0.39556
12_000720,321,12,233,318,0.29405
12_000720,593,12,39,70,0.32286
12_000720,336,12,299,350,0.29315
12_000720,36,12,352,243,0.30801
12_000720,37,95,225,222,0.13115
12_000720,37,207,278,259,0.333
12_000720,250,238,117,123,0.60258
12_000720,284,254,353,212,0.32889
12_000780,167,12,330,453,0.2946
12_000780,123,236,111,141,0.30153
12_000780,136,244,115,127,0.79506
12_000780,476,156,159,310,0.32002
12_000780,38,81,148,385,0.32835
12_000780,286,12,347,453,0.38854
12_000780,494,375,61,90,0.13113
12_000780,37,12,354,335,0.25449
12_000840,519,12,114,79,0.41227
12_000840,437,84,199,382,0.29129
12_000840,147,218,142,152,0.40193
12_000840,39,43,170,423,0.34216
12_000840,178,244,111,124,0.80598
12_000840,186,12,443,454,0.27062
12_000840,291,12,322,437,0.28948
12_000840,37,12,264,229,0.31188
13_000000,37,12,345,186,0.23097
13_000000,177,48,125,119,0.47564
13_000000,44,105,565,360,0.25431
13_000000,94,216,42,51,0.11685
13_000000,237,24,349,280,0.30195
13_000000,296,253,327,157,0.24956
13_000000,38,151,249,315,0.24533
13_000060,172,83,75,105,0.097143
13_000060,197,44,321,253,0.27151
13_000060,289,152,130,88,0.45483
13_000060,38,69,194,325,0.39076
13_000060,386,48,252,324,0.32118
13_000060,132,202,310,242,0.30596
13_000060,35,12,464,158,0.439
13_000120,213,47,376,267,0.27168
13_000120,346,152,120,85,0.61163
13_000120,423,78,216,277,0.31273
13_000120,36,80,258,371,0.3988
13_000120,38,298,106,87,0.12006
13_000120,40,222,469,244,0.2988
13_000120,34,12,598,158,0.48369
13_000180,34,12,493,178,0.47574
13_000180,440,12,198,310,0.34823
13_000180,364,97,115,88,0.54006
13_000180,37,92,279,308,0.38296
13_000180,38,272,168,110,0.26643
13_000180,40,238,438,228,0.28761
13_000180,235,12,321,187,0.27218
13_000240,89,73,299,116,0.31589
13_000240,245,23,389,275,0.26742
13_000240,296,172,56,74,0.46248
13_000240,40,124,286,341,0.29321
13_000240,264,86,373,359,0.27243
13_000240,36,253,440,213,0.3334
13_000240,34,12,539,269,0.47322
13_000300,331,12,71,51,0.54362
13_000300,34,12,521,235,0.44841
13_000300,284,36,351,251,0.28779
13_000300,123,106,340,273,0.26771
13_000300,363,212,68,130,0.55132
13_000300,37,204,400,262,0.38092
13_000300,585,12,48,75,0.27467
13_000360,275,12,357,182,0.32262
13_000360,37,115,300,315,0.31
13_000360,288,128,282,337,0.31419
13_000360,210,243,107,114,0.48322
13_000360,38,231,356,235,0.31119
13_000360,384,77,250,389,0.27856
13_000360,202,253,76,104,0.80174
13_000360,34,12,391,139,0.50541
13_000420,34,12,439,209,0.29904
13_000420,467,46,33,32,0.28171
13_000420,59,102,281,363,0.30959
13_000420,399,16,231,312,0.4975
13_000420,35,94,174,372,0.35947
13_000420,582,297,29,31,0.048053
13_000420,295,126,333,340,0.25431
13_000420,448,27,24,29,0.26758
13_000480,38,12,202,453,0.26572
13_000480,112,140,104,134,0.35953
13_000480,129,12,160,423,0.29496
13_000480,101,145,55,127,0.80485
13_000480,182,12,450,341,0.4406
13_000480,193,29,268,436,0.31874
13_000480,385,209,248,257,0.34876
13_000480,45,416,68,50,0.12235
13_000540,34,12,514,262,0.2628
13_000540,355,12,278,333,0.32706
13_000540,122,56,340,409,0.22454
13_000540,35,194,75,100,0.53365
13_000540,95,266,39,41,0.58356
13_000540,36,302,46,22,0.64868
13_000540,37,24,233,442,0.32066
13_000540,395,118,238,348,0.30241
13_000600,55,34,324,431,0.2641
13_000600,219,114,127,135,0.82921
13_000600,38,12,542,405,0.25537
13_000600,38,73,172,393,0.36766
13_000600,114,405,123,36,0.09458
13_000600,335,246,299,220,0.37292
13_000600,83,373,201,93,0.23058
13_000600,326,12,309,419,0.30206
13_000660,34,12,309,270,0.28024
13_000660,342,35,290,283,0.28018
13_000660,106,12,285,206,0.57095
13_000660,67,255,454,210,0.30133
13_000660,302,217,332,249,0.31161
13_000660,36,270,182,196,0.3376
13_000660,193,373,75,92,0.46
13_000660,183,12,449,288,0.27175
13_000720,34,12,316,136,0.69504
13_000720,187,43,446,275,0.27177
13_000720,37,156,406,232,0.31829
13_000720,318,214,316,252,0.32819
13_000720,151,296,34,64,0.36156
13_000720,157,279,109,111,0.75002
13_000720,37,241,421,225,0.29003
13_000720,34,12,598,218,0.27415
13_000780,138,12,201,453,0.28779
13_000780,235,12,216,413,0.29698
13_000780,121,135,47,94,0.72577
13_000780,127,108,112,133,0.48118
13_000780,397,154,236,312,0.36584
13_000780,274,12,359,453,0.2865
13_000780,44,384,115,82,0.11858
13_000780,38,12,222,393,0.32863
13_000840,554,12,77,110,0.34621
13_000840,37,12,220,326,0.316
13_000840,290,115,288,350,0.48576
13_000840,251,12,323,453,0.27266
13_000840,36,173,243,293,0.31936
13_000840,100,384,39,24,0.43463
13_000840,122,12,339,353,0.29345
13_000900,221,12,277,248,0.32513
13_000900,38,12,244,277,0.36071
13_000900,423,12,207,341,0.28512
13_000900,37,178,221,287,0.31558
13_000900,288,347,36,18,0.13526
13_000900,41,287,73,179,0.34131
13_000900,178,143,362,322,0.30245
13_000900,525,45,23,27,0.14263
13_000960,54,12,578,146,0.60887
13_000960,38,15,271,335,0.29363
13_000960,156,220,91,134,0.62741
13_000960,149,233,29,104,0.52284
13_000960,38,66,259,400,0.29532
13_000960,257,39,357,384,0.30334
13_000960,262,162,157,303,0.33034
13_000960,334,76,299,390,0.27482
14_000000,65,70,429,276,0.26724
14_000000,356,12,279,277,0.34186
14_000000,46,245,45,36,0.46916
14_000000,33,16,451,313,0.25749
14_000000,90,330,73,24,0.53078
14_000000,346,253,290,213,0.3705
14_000000,34,280,360,186,0.32274
14_000000,107,54,39,24,0.07906
14_000060,33,12,349,188,0.52653
14_000060,251,12,298,173,0.31652
14_000060,272,173,77,22,0.46377
14_000060,327,12,307,296,0.25818
14_000060,34,155,296,198,0.33866
14_000060,35,215,514,251,0.31993
14_000060,388,162,247,304,0.30508
14_000060,235,81,36,30,0.387
14_000120,388,12,249,204,0.25647
14_000120,35,12,240,346,0.3607
14_000120,240,12,254,291,0.30227
14_000120,145,176,24,12,0.45851
14_000120,386,124,251,342,0.40893
14_000120,35,212,386,254,0.31216
14_000120,282,264,264,201,0.26978
14_000120,99,443,22,13,0.19179
14_000180,409,12,225,225,0.32544
14_000180,93,12,243,206,0.51123
14_000180,33,136,285,330,0.3036
14_000180,335,210,66,24,0.38804
14_000180,157,190,475,242,0.32333
14_000180,34,262,19,27,0.36427
14_000180,109,212,526,254,0.29783
14_000180,234,12,302,279,0.29208
14_000240,337,76,298,240,0.29431
14_000240,34,184,26,40,0.57147
14_000240,79,191,50,56,0.60945
14_000240,34,12,189,454,0.24104
14_000240,388,124,249,342,0.3307
14_000240,254,120,195,345,0.30517
14_000240,69,38,264,428,0.31115
14_000240,125,12,511,192,0.28597
14_000300,501,76,70,56,0.4337
14_000300,223,12,407,321,0.28426
14_000300,257,52,150,380,0.55192
14_000300,476,12,158,408,0.35882
14_000300,275,225,360,241,0.39605
14_000300,448,28,33,19,0.40649
14_000360,464,12,174,287,0.30005
14_000360,127,12,412,281,0.29683
14_000360,102,61,30,75,0.60228
14_000360,34,12,243,288,0.31482
14_000360,197,105,336,298,0.28399
14_000360,343,251,295,215,0.25337
14_000360,33,220,356,246,0.46175
14_000360,417,12,57,39,0.14575
14_000420,232,12,403,248,0.22707
14_000420,36,183,252,230,0.37776
14_000420,239,221,349,198,0.31868
14_000420,38,384,203,82,0.35193
14_000420,35,12,246,199,0.16949
14_000480,107,91,78,29,0.61061
14_000480,169,52,348,413,0.27948
14_000480,239,139,284,141,0.78232
14_000480,34,12,148,345,0.34271
14_000480,37,259,330,207,0.2687
14_000480,108,12,381,94,0.33347
14_000540,249,12,316,234,0.32286
14_000540,33,12,316,289,0.32075
14_000540,229,143,38,36,0.37291
14_000540,264,231,81,24,0.72583
14_000540,371,12,264,358,0.3836
14_000540,34,178,305,288,0.3272
14_000540,91,226,547,240,0.28587
14_000540,100,54,32,24,0.18758
14_000600,33,12,175,250,0.33627
14_000600,114,12,266,248,0.32408
14_000600,325,12,310,453,0.29157
14_000600,34,196,16,27,0.43855
14_000600,102,205,281,202,0.417
14_000600,35,275,337,191,0.32275
14_000600,429,203,210,263,0.29281
14_000600,472,66,166,159,0.33572
15_000000,36,12,332,375,0.28408
15_000000,265,301,82,42,0.50125
15_000000,358,12,277,453,0.29395
15_000000,274,305,78,125,0.68241
15_000000,37,133,337,333,0.31703
15_000000,262,353,24,35,0.40203
15_000000,410,109,227,357,0.30225
15_000000,211,12,324,317,0.28841
15_000060,36,69,264,304,0.28232
15_000060,351,12,283,324,0.31528
15_000060,36,12,404,384,0.27144
15_000060,349,280,78,54,0.50683
15_000060,38,272,407,194,0.32797
15_000060,360,326,77,104,0.5322
15_000060,410,168,227,298,0.32057
15_000060,193,12,305,208,0.30399
15_000120,107,12,433,209,0.31952
15_000120,36,12,272,453,0.34394
15_000120,293,12,342,312,0.28772
15_000120,270,168,366,262,0.26574
15_000120,198,302,68,52,0.35468
15_000120,206,355,39,32,0.32516
15_000120,302,277,335,189,0.29909
15_000120,37,122,263,344,0.25574
15_000180,37,12,218,429,0.28436
15_000180,122,12,295,370,0.38088
15_000180,286,223,11,17,0.38995
15_000180,292,244,31,32,0.29516
15_000180,392,12,245,397,0.29544
15_000180,39,213,339,253,0.29447
15_000180,419,12,217,271,0.23198
15_000240,34,12,266,178,0.52588
15_000240,35,74,256,392,0.25718
15_000240,496,143,141,323,0.3411
15_000240,198,110,361,351,0.4368
15_000240,532,306,19,54,0.6702
15_000240,178,296,79,96,0.39529
15_000240,146,237,371,228,0.30339
15_000240,246,12,389,229,0.32477
15_000300,246,12,392,335,0.23507
15_000300,36,12,212,454,0.32269
15_000300,51,179,16,16,0.32581
15_000300,150,12,267,375,0.57254
15_000300,401,204,21,99,0.28021
15_000300,320,307,29,40,0.38241
15_000300,85,137,352,329,0.27714
15_000300,401,33,238,433,0.26897
15_000360,38,12,142,355,0.23848
15_000360,302,102,291,301,0.28045
15_000360,326,12,312,360,0.30033
15_000360,336,181,18,67,0.56061
15_000360,39,189,339,277,0.32491
15_000360,259,290,30,31,0.40724
15_000360,73,12,282,355,0.65285
15_000420,37,12,354,354,0.51073
15_000420,290,96,347,369,0.27159
15_000420,312,225,21,18,0.3648
15_000420,333,12,303,330,0.31871
15_000420,254,260,65,93,0.45497
15_000420,38,119,335,347,0.2845
15_000420,37,43,192,373,0.30181
15_000480,68,35,281,387,0.30219
15_000480,302,12,331,199,0.26523
15_000480,314,17,322,386,0.30475
15_000480,313,323,20,66,0.35443
15_000480,293,251,343,215,0.31591
15_000480,36,135,256,331,0.23447
15_000480,269,354,62,111,0.66372
15_000480,36,12,353,185,0.30745
16_000000,35,12,597,116,0.11802
16_000000,162,70,470,142,0.47475
16_000000,35,35,597,295,0.35281
16_000000,85,185,547,167,0.31457
16_000000,35,260,572,167,0.27675
16_000000,36,272,600,194,0.25275
16_000000,258,387,25,78,0.55373
16_000000,286,383,79,82,0.71034
16_000060,129,152,55,152,0.41789
16_000060,460,12,175,281,0.42318
16_000060,162,157,116,154,0.70188
16_000060,37,12,498,304,0.27967
16_000060,142,67,496,399,0.26382
16_000060,39,216,329,250,0.30831
16_000060,562,328,73,138,0.67731
16_000060,37,45,168,330,0.32918
16_000120,257,12,375,322,0.26122
16_000120,437,57,195,293,0.70915
16_000120,94,231,139,154,0.83794
16_000120,216,12,386,404,0.23861
16_000120,78,229,69,119,0.46683
16_000120,219,175,418,291,0.26902
16_000120,111,12,306,453,0.27064
16_000120,36,12,245,454,0.31123
16_000180,299,12,335,244,0.2728
16_000180,39,12,321,233,0.42298
16_000180,38,68,331,230,0.39645
16_000180,37,257,224,209,0.14735
16_000180,406,240,144,164,0.81936
16_000180,345,78,290,388,0.28602
16_000180,207,123,386,342,0.28867
16_000180,344,40,27,79,0.11544
16_000240,272,12,193,63,0.36962
16_000240,37,12,252,264,0.44633
16_000240,204,12,365,454,0.26378
16_000240,348,12,285,454,0.55141
16_000240,147,108,371,357,0.21208
16_000240,238,281,127,131,0.79477
16_000240,37,237,431,229,0.32422
16_000240,151,12,62,53,0.20719
16_000300,480,18,152,237,0.74113
16_000300,143,201,494,265,0.26234
16_000300,35,12,598,336,0.23627
16_000300,36,89,559,318,0.24431
16_000300,167,246,54,97,0.45405
16_000300,184,247,106,120,0.6331
16_000300,36,168,314,298,0.29026
16_000300,97,12,535,316,0.2654
16_000360,189,173,54,106,0.53659
16_000360,207,175,109,127,0.6662
16_000360,298,12,335,329,0.48199
16_000360,36,67,247,399,0.31931
16_000360,74,89,409,279,0.26655
16_000360,126,270,511,195,0.29727
16_000360,36,12,487,323,0.26706
16_000420,234,12,400,340,0.40935
16_000420,175,133,372,332,0.28219
16_000420,295,210,64,93,0.46662
16_000420,368,192,266,274,0.30685
16_000420,307,215,124,132,0.79819
16_000420,39,12,493,369,0.31229
16_000420,35,58,303,408,0.2982
16_000420,192,17,64,33,0.24125
16_000480,36,12,549,319,0.24842
16_000480,174,82,461,367,0.24343
16_000480,37,135,209,237,0.32441
16_000480,257,123,380,343,0.27886
16_000480,206,236,60,104,0.45336
16_000480,219,238,123,139,0.83055
16_000480,37,283,393,183,0.32502
16_000480,111,12,522,306,0.50917
16_000540,101,124,97,182,0.24576
16_000540,118,128,193,221,0.79369
16_000540,92,126,85,166,0.50218
16_000540,476,12,160,430,0.65947
16_000540,340,12,298,454,0.28264
16_000540,83,158,353,307,0.28081
16_000540,40,12,246,454,0.28706
16_000540,152,12,289,172,0.34276
16_000600,35,12,598,332,0.35219
16_000600,95,91,19,22,0.20875
16_000600,234,119,400,330,0.26779
16_000600,35,185,298,281,0.30724
16_000600,269,232,62,83,0.50398
16_000600,280,236,110,119,0.75318
16_000600,148,173,487,293,0.2841
16_000600,196,12,436,285,0.51973
16_000660,35,92,101,90,0.35696
16_000660,149,12,408,214,0.50739
16_000660,34,12,598,403,0.25577
16_000660,199,12,433,327,0.27136
16_000660,107,238,526,228,0.29403
16_000660,35,179,244,287,0.30667
16_000660,251,299,107,104,0.78194
16_000660,96,12,79,129,0.3476
16_000720,35,12,510,382,0.26188
16_000720,330,37,302,294,0.5786
16_000720,179,12,453,263,0.27757
16_000720,61,212,413,254,0.30128
16_000720,189,304,106,116,0.63035
16_000720,173,299,62,96,0.34009
16_000720,36,136,598,330,0.26271
16_000720,548,409,90,57,0.40646
16_000780,64,45,527,351,0.27044
16_000780,35,12,326,382,0.27854
16_000780,359,139,272,226,0.6647
16_000780,36,221,315,244,0.33964
16_000780,266,275,367,191,0.29714
16_000780,34,416,92,50,0.51074
16_000780,440,410,169,56,0.57444
16_000780,175,12,281,105,0.29392
17_000000,83,12,144,56,0.36912
17_000000,450,12,185,121,0.30639
17_000000,292,12,144,98,0.63744
17_000000,37,12,470,308,0.2979
17_000000,354,12,283,454,0.36399
17_000000,270,282,115,93,0.51463
17_000000,37,178,334,260,0.74702
17_000000,39,291,450,175,0.40852
17_000060,227,17,168,99,0.6996
17_000060,36,111,574,355,0.31059
17_000060,37,12,276,217,0.33444
17_000060,271,12,366,454,0.30138
17_000060,279,284,108,95,0.44184
17_000060,60,257,331,209,0.69667
17_000060,242,286,303,179,0.40952
17_000060,409,12,226,91,0.31034
17_000120,278,12,138,86,0.67569
17_000120,273,12,364,259,0.29721
17_000120,219,138,417,270,0.34224
17_000120,37,12,280,277,0.31514
17_000120,36,225,366,241,0.78512
17_000120,474,329,163,137,0.49876
17_000120,257,262,300,204,0.43699
17_000120,65,12,151,72,0.37722
17_000180,49,12,144,68,0.38259
17_000180,265,12,135,84,0.66152
17_000180,187,12,411,386,0.28177
17_000180,36,12,373,454,0.27727
17_000180,270,259,111,96,0.4076
17_000180,79,229,302,189,0.72141
17_000180,451,12,187,454,0.38696
17_000180,58,263,492,203,0.40089
17_000240,245,12,133,84,0.67071
17_000240,64,49,357,207,0.29229
17_000240,342,12,295,233,0.32306
17_000240,36,12,338,454,0.39595
17_000240,289,257,82,73,0.31151
17_000240,316,103,320,326,0.42844
17_000240,233,260,405,206,0.39248
17_000240,37,12,136,77,0.34043
17_000300,36,12,196,138,0.4721
17_000300,39,71,276,357,0.39154
17_000300,226,12,394,290,0.36939
17_000300,377,12,258,239,0.11356
17_000300,444,246,95,123,0.62298
17_000300,41,297,294,169,0.30362
17_000300,266,180,372,286,0.45914
17_000300,115,12,128,106,0.4659
17_000360,247,12,388,232,0.33133
17_000360,36,12,187,115,0.49525
17_000360,39,37,268,349,0.37466
17_000360,225,71,291,210,0.47156
17_000360,44,174,303,292,0.39321
17_000360,444,203,99,117,0.53621
17_000360,283,157,355,309,0.43238
17_000360,131,12,112,84,0.47367
17_000420,325,12,88,67,0.49989
17_000420,78,12,330,153,0.47295
17_000420,121,41,47,63,0.40965
17_000420,37,12,214,359,0.37124
17_000420,146,163,443,302,0.34687
17_000420,43,306,281,160,0.1333
17_000480,38,12,549,225,0.39227
17_000480,148,107,81,77,0.31783
17_000480,480,74,105,114,0.68364
17_000480,35,103,200,238,0.6934
17_000480,306,116,286,349,0.4036
17_000480,159,245,302,220,0.36186
17_000480,39,108,337,358,0.37582
18_000000,42,183,303,127,0.54718
18_000000,275,133,310,187,0.469
18_000000,76,253,66,35,0.15866
18_000000,103,147,535,283,0.31628
18_000000,187,306,101,21,0.34767
18_000060,333,160,97,65,0.45531
18_000060,545,160,77,72,0.51209
18_000060,34,166,212,124,0.58642
18_000060,379,137,254,190,0.39173
18_000060,37,166,600,228,0.29465
18_000060,40,269,510,197,0.19588
18_000060,381,340,257,126,0.31833
18_000120,261,152,102,44,0.33955
18_000120,382,198,55,45,0.45994
18_000120,34,64,333,269,0.53967
18_000120,35,222,495,207,0.28536
18_000120,416,317,51,46,0.57543
18_000120,243,146,391,320,0.4134
18_000120,42,340,246,126,0.10591
18_000180,288,272,113,33,0.27589
18_000180,34,225,450,160,0.56723
18_000180,35,279,565,186,0.31659
18_000180,437,323,195,143,0.21851
18_000180,38,342,107,124,0.13407
18_000240,319,196,140,63,0.29675
18_000240,35,206,477,257,0.33749
18_000240,34,161,501,166,0.48056
18_000240,424,189,211,277,0.45986
18_000240,39,343,94,123,0.13325
18_000240,71,330,374,135,0.33987
18_000300,383,79,184,61,0.47655
18_000300,193,93,407,353,0.26522
18_000300,35,111,304,192,0.57551
18_000300,308,16,331,286,0.44586
18_000300,532,124,97,184,0.51631
18_000300,37,164,564,302,0.27151
18_000360,36,12,534,258,0.26915
18_000360,144,37,407,401,0.69728
18_000360,49,164,362,232,0.2518
18_000360,582,258,39,39,0.48636
18_000360,486,223,152,243,0.25213
18_000360,39,160,364,297,0.21041
18_000360,41,12,594,454,0.29998
18_000360,34,12,236,106,0.37239
18_000420,34,12,169,108,0.50333
18_000420,356,106,278,341,0.41795
18_000420,427,153,72,79,0.24958
18_000420,127,12,289,241,0.43883
18_000420,35,83,306,320,0.30455
18_000420,255,12,326,389,0.31685
18_000420,38,270,596,196,0.36445
18_000420,451,12,81,27,0.34887
18_000480,34,12,330,454,0.28684
18_000480,413,12,225,272,0.38676
18_000480,33,12,197,385,0.33874
18_000480,82,316,21,12,0.25594
18_000480,223,182,414,283,0.29473
18_000480,229,12,272,425,0.28872
18_000480,121,57,8,14,0.23048
18_000540,44,12,505,326,0.34834
18_000540,35,12,146,230,0.28676
18_000540,487,54,60,78,0.47301
18_000540,428,105,75,66,0.38661
18_000540,358,140,85,60,0.46343
18_000540,39,12,377,454,0.33665
18_000540,182,181,450,285,0.38288
18_000600,580,84,36,30,0.23825
18_000600,34,35,240,201,0.54655
18_000600,35,12,415,306,0.31449
18_000600,54,204,584,251,0.29044
18_000600,391,12,245,324,0.44718
18_000600,39,399,80,67,0.16763
18_000600,36,307,602,159,0.41637
18_000600,579,12,34,28,0.53237
18_000660,493,159,66,37,0.48154
18_000660,34,19,290,244,0.4615
18_000660,236,12,397,249,0.37766
18_000660,35,77,314,302,0.32156
18_000660,416,107,220,252,0.41516
18_000660,37,107,501,337,0.24791
18_000660,37,316,599,150,0.20636
18_000660,412,62,47,33,0.59998
18_000720,372,61,116,45,0.62156
18_000720,34,12,362,233,0.51538
18_000720,67,62,407,237,0.31203
18_000720,395,90,240,329,0.39687
18_000720,160,12,395,410,0.26325
18_000720,34,228,602,238,0.29141
18_000720,37,407,95,59,0.12001
18_000720,542,12,87,47,0.50748
18_000780,512,45,35,56,0.42613
18_000780,34,12,297,275,0.26896
18_000780,93,12,476,147,0.31662
18_000780,599,183,31,22,0.54951
18_000780,428,57,207,275,0.22132
18_000780,122,73,398,213,0.25805
18_000780,157,251,480,215,0.37386
18_000780,38,150,356,316,0.088517
19_000000,407,12,228,376,0.40874
19_000000,37,12,384,256,0.35194
19_000000,226,12,379,237,0.34802
19_000000,94,211,409,120,0.55544
19_000000,283,271,351,195,0.094131
19_000000,36,248,441,217,0.23183
19_000000,39,383,401,83,0.10221
19_000000,139,53,85,41,0.3392
19_000060,35,12,238,199,0.357
19_000060,554,44,76,53,0.34112
19_000060,233,12,400,414,0.34391
19_000060,35,221,352,245,0.37586
19_000060,36,111,293,303,0.33725
19_000060,171,100,416,323,0.36446
19_000060,255,315,378,151,0.41137
19_000060,231,12,45,30,0.35282
19_000120,280,12,356,330,0.29594
19_000120,36,12,525,283,0.28627
19_000120,586,266,17,16,0.32431
19_000120,37,243,112,120,0.1118
19_000120,36,212,600,254,0.43807
19_000120,39,269,413,197,0.3337
19_000120,435,397,100,68,0.35014
19_000120,294,12,335,104,0.18582
19_000180,175,12,457,242,0.41845
19_000180,38,12,382,253,0.26459
19_000180,35,12,354,364,0.27688
19_000180,73,207,295,233,0.29709
19_000180,177,166,455,299,0.26363
19_000180,338,258,297,208,0.30193
19_000180,35,344,185,122,0.38547
19_000240,371,21,47,54,0.30741
19_000240,137,87,83,45,0.38617
19_000240,127,12,504,325,0.51693
19_000240,37,146,377,319,0.37534
19_000240,39,297,151,169,0.25456
19_000240,383,199,251,267,0.44644
19_000240,35,54,386,399,0.32664
19_000300,297,119,83,62,0.34423
19_000300,408,160,115,65,0.39546
19_000300,34,145,181,278,0.40818
19_000300,319,173,315,293,0.48292
19_000300,36,199,342,267,0.42821
19_000300,110,91,85,80,0.45862
19_000360,301,88,63,25,0.5945
19_000360,34,167,522,299,0.30408
19_000360,116,133,486,333,0.53776
19_000360,34,266,283,200,0.40151
19_000360,469,368,39,39,0.45073
19_000420,110,12,481,164,0.43819
19_000420,311,56,324,410,0.33301
19_000420,33,12,576,221,0.3262
19_000420,392,208,33,16,0.46885
19_000420,34,88,302,378,0.2996
19_000420,111,251,518,215,0.28207
19_000420,45,289,460,177,0.28383
19_000420,413,58,54,27,0.30596
19_000480,142,62,74,34,0.39796
19_000480,33,12,516,301,0.3566
19_000480,159,59,374,168,0.37748
19_000480,326,79,305,224,0.40458
19_000480,33,92,288,244,0.31908
19_000480,301,286,332,180,0.3597
19_000480,35,319,453,147,0.32308
19_000540,36,12,187,65,0.30402
19_000540,370,23,169,165,0.63479
19_000540,39,111,319,354,0.39874
19_000540,202,100,231,365,0.39819
19_000540,414,29,223,437,0.25007
19_000540,39,12,490,453,0.31852
19_000540,42,287,137,179,0.30887
19_000540,397,300,82,165,0.28535
19_000600,58,12,92,64,0.19847
19_000600,122,12,370,421,0.35487
19_000600,41,12,253,297,0.1732
19_000600,39,161,339,305,0.56647
19_000600,258,17,45,63,0.28708
1_000000,331,107,44,20,0.37741
1_000000,191,12,442,186,0.44154
1_000000,36,128,347,338,0.30436
1_000000,151,182,380,224,0.30834
1_000000,224,282,105,41,0.5834
1_000000,426,177,209,212,0.39859
1_000000,166,325,473,141,0.36487
1_000060,37,42,453,276,0.26699
1_000060,209,12,426,198,0.28516
1_000060,364,157,68,46,0.57888
1_000060,281,197,99,99,0.74715
1_000060,43,273,412,193,0.3021
1_000060,39,142,276,275,0.12799
1_000060,51,72,77,33,0.35191
1_000120,311,12,322,166,0.29059
1_000120,440,158,199,308,0.37662
1_000120,122,191,425,274,0.30851
1_000120,130,104,408,226,0.286
1_000120,34,149,344,317,0.30717
1_000120,207,309,92,119,0.67766
1_000120,445,22,102,47,0.52625
1_000180,162,74,339,182,0.29676
1_000180,37,151,474,244,0.29495
1_000180,229,244,85,24,0.56789
1_000180,145,294,88,103,0.77122
1_000180,37,253,408,213,0.30662
1_000180,37,12,596,172,0.48923
1_000240,58,177,68,42,0.35946
1_000240,355,217,99,30,0.60383
1_000240,286,261,62,72,0.71098
1_000240,123,189,472,168,0.30731
1_000240,36,94,505,372,0.25786
1_000240,165,12,473,286,0.29917
1_000300,217,12,421,187,0.30519
1_000300,382,44,107,93,0.70071
1_000300,42,12,277,289,0.23886
1_000300,41,126,470,333,0.28284
1_000300,40,294,316,172,0.32339
1_000300,516,12,72,24,0.66382
1_000360,34,12,385,215,0.30057
1_000360,237,22,395,152,0.52767
1_000360,260,122,375,180,0.30041
1_000360,134,57,190,223,0.35256
1_000360,284,200,105,76,0.56773
1_000360,36,215,598,189,0.2944
1_000360,34,24,64,61,0.37882
1_000420,37,109,595,189,0.29717
1_000420,34,186,171,72,0.64049
1_000420,254,182,381,178,0.32041
1_000420,191,223,100,109,0.25619
1_000420,298,242,37,101,0.082526
1_000420,37,243,497,223,0.22509
1_000420,35,12,585,124,0.44635
1_000480,35,12,597,193,0.28464
1_000480,305,96,330,237,0.31232
1_000480,34,55,340,213,0.30906
1_000480,325,172,105,80,0.55854
1_000480,36,198,427,219,0.31404
1_000480,58,286,123,165,0.26875
1_000480,34,12,100,54,0.37644
1_000540,86,12,546,110,0.33648
1_000540,35,54,501,174,0.29165
1_000540,285,192,107,78,0.55128
1_000540,195,138,141,146,0.41014
1_000540,264,110,375,356,0.27936
1_000540,36,209,278,257,0.3785
1_000540,88,94,479,371,0.26591
1_000540,34,29,58,58,0.30144
1_000600,49,39,73,76,0.072812
1_000600,36,12,596,171,0.49527
1_000600,236,59,400,227,0.28317
1_000600,258,190,99,68,0.60846
1_000600,352,260,112,81,0.078427
1_000600,429,226,129,139,0.24106
1_000600,36,183,481,274,0.29557
1_000660,455,12,180,133,0.14464
1_000660,203,12,328,182,0.31823
1_000660,34,12,436,156,0.34989
1_000660,506,129,125,97,0.48094
1_000660,35,141,458,242,0.31023
1_000660,38,222,416,244,0.32715
1_000660,33,12,272,50,0.27156
1_000720,34,12,279,152,0.23696
1_000720,290,109,343,116,0.29025
1_000720,46,72,586,211,0.25891
1_000720,54,167,151,94,0.74385
1_000720,196,152,438,258,0.3108
1_000720,36,153,437,303,0.29682
1_000720,298,12,334,96,0.30399
1_000780,313,68,321,201,0.31594
1_000780,259,48,67,144,0.39562
1_000780,311,117,123,85,0.5577
1_000780,35,12,234,243,0.61173
1_000780,152,12,291,326,0.26996
1_000780,38,170,453,296,0.21286
1_000780,252,12,385,170,0.39859
20_000000,159,29,474,355,0.25961
20_000000,35,12,157,454,0.45347
20_000000,238,84,395,201,0.29329
20_000000,358,176,277,289,0.30485
20_000000,136,267,121,162,0.45223
20_000000,52,322,537,144,0.33724
20_000000,560,417,58,49,0.34835
20_000000,98,12,534,172,0.29241
20_000060,264,30,369,269,0.28333
20_000060,33,12,349,268,0.53602
20_000060,34,183,455,246,0.45033
20_000060,390,126,245,340,0.31852
20_000060,175,393,4,4,0.33365
20_000060,35,299,289,167,0.47904
20_000060,238,367,292,98,0.244
20_000060,234,12,398,211,0.19491
20_000120,118,12,514,165,0.20603
20_000120,34,12,294,206,0.36036
20_000120,304,78,329,300,0.30021
20_000120,36,122,285,204,0.47471
20_000120,439,182,196,284,0.34845
20_000120,208,237,145,108,0.43879
20_000120,363,340,7,9,0.44146
20_000120,37,300,465,166,0.33166
20_000180,196,12,437,207,0.28849
20_000180,35,12,354,166,0.31273
20_000180,35,119,348,305,0.47996
20_000180,343,32,291,318,0.32068
20_000180,126,213,102,157,0.4382
20_000180,37,254,347,212,0.33236
20_000180,335,237,246,228,0.33841
20_000180,499,304,138,162,0.42313
20_000240,208,62,347,390,0.39103
20_000240,274,12,358,183,0.35647
20_000240,490,145,144,321,0.35589
20_000240,35,128,360,196,0.454
20_000240,37,228,534,238,0.31614
20_000240,64,326,338,139,0.37739
20_000240,48,442,54,24,0.14722
20_000240,35,12,454,142,0.53267
20_000300,164,12,468,378,0.37645
20_000300,35,124,323,201,0.44889
20_000300,285,235,137,98,0.41451
20_000300,454,79,180,387,0.3523
20_000300,38,230,508,235,0.28944
20_000300,37,319,400,146,0.379
20_000300,47,418,85,48,0.15373
20_000300,34,12,397,144,0.68018
21_000000,35,32,482,335,0.37054
21_000000,34,12,419,140,0.42944
21_000000,234,153,25,38,0.22876
21_000000,210,12,424,277,0.40948
21_000000,322,185,312,244,0.41787
21_000000,37,269,194,197,0.44884
21_000000,200,253,437,213,0.46485
21_000000,221,12,89,33,0.4915
21_000060,322,12,315,377,0.41175
21_000060,68,143,34,67,0.22735
21_000060,227,12,313,278,0.34738
21_000060,37,183,215,240,0.45823
21_000060,264,189,375,277,0.40311
21_000060,39,109,496,357,0.40223
21_000060,35,12,282,269,0.66636
21_000120,88,35,457,297,0.55187
21_000120,49,196,281,270,0.40129
21_000120,395,283,17,39,0.27436
21_000120,323,297,28,36,0.26803
21_000120,34,160,180,306,0.44468
21_000120,278,68,353,397,0.40185
21_000120,348,152,288,314,0.34585
21_000180,35,12,91,126,0.44946
21_000180,114,12,395,256,0.55464
21_000180,126,55,239,377,0.44628
21_000180,37,33,113,294,0.37927
21_000180,386,12,250,234,0.3921
21_000180,39,32,419,434,0.41637
21_000180,402,12,36,124,0.36998
21_000240,508,82,48,30,0.45557
21_000240,313,61,319,199,0.69796
21_000240,152,154,481,245,0.4075
21_000240,190,251,57,52,0.57511
21_000240,33,254,391,212,0.47615
21_000240,367,288,268,178,0.51927
2_000000,203,12,314,233,0.33556
2_000000,509,90,29,73,0.13535
2_000000,34,12,348,328,0.31093
2_000000,278,118,75,167,0.46609
2_000000,37,203,280,263,0.31067
2_000000,495,180,29,105,0.059507
2_000000,170,183,467,283,0.30618
2_000000,450,12,186,393,0.23789
2_000060,573,12,58,44,0.39157
2_000060,255,12,258,309,0.30777
2_000060,188,63,70,84,0.15098
2_000060,397,12,239,449,0.26056
2_000060,252,136,39,52,0.14926
2_000060,37,12,220,454,0.31189
2_000060,50,91,461,344,0.28428
2_000060,206,338,419,128,0.29272
2_000120,34,12,301,231,0.31972
2_000120,298,109,57,132,0.45784
2_000120,388,175,27,60,0.66875
2_000120,35,180,304,178,0.30916
2_000120,225,198,320,267,0.30346
2_000120,430,143,207,323,0.32931
2_000120,37,270,314,196,0.32247
2_000120,214,12,420,218,0.3127
2_000180,396,12,241,417,0.27258
2_000180,533,45,20,58,0.20658
2_000180,99,12,405,216,0.44925
2_000180,319,81,55,157,0.24727
2_000180,36,245,251,221,0.30768
2_000180,34,15,317,310,0.28321
2_000180,325,167,313,299,0.32446
2_000180,239,229,310,236,0.28266
2_000240,444,41,23,49,0.12211
2_000240,506,45,67,103,0.23435
2_000240,219,12,341,317,0.3046
2_000240,395,12,239,359,0.30369
2_000240,290,163,53,149,0.48015
2_000240,34,61,348,344,0.30347
2_000240,242,250,395,216,0.35314
2_000240,37,259,286,207,0.31539
3_000000,38,12,256,279,0.31248
3_000000,536,60,58,103,0.39429
3_000000,37,81,348,385,0.28162
3_000000,238,12,363,377,0.36552
3_000000,37,176,253,167,0.3486
3_000000,236,389,19,23,0.14409
3_000000,306,111,330,355,0.293
3_000000,359,12,275,144,0.31536
3_000060,37,12,157,454,0.25552
3_000060,518,89,68,93,0.048437
3_000060,228,12,272,355,0.5234
3_000060,392,12,243,233,0.11471
3_000060,129,12,157,340,0.31464
3_000060,291,95,345,371,0.30137
3_000060,213,402,20,24,0.13464
3_000060,142,95,293,370,0.25956
3_000120,186,12,340,288,0.27784
3_000120,37,12,205,454,0.31058
3_000120,168,138,39,50,0.16015
3_000120,108,93,201,367,0.30207
3_000120,326,25,307,299,0.30384
3_000120,544,227,81,93,0.43823
3_000120,241,122,393,343,0.25889
3_000120,288,267,347,199,0.36993
3_000180,150,12,484,202,0.32354
3_000180,37,12,194,397,0.32396
3_000180,550,77,79,94,0.38302
3_000180,444,72,47,86,0.05527
3_000180,270,94,365,330,0.35415
3_000180,364,243,272,223,0.35229
3_000180,37,115,373,351,0.27124
3_000180,57,37,47,35,0.19708
3_000240,227,130,27,35,0.18644
3_000240,279,12,354,281,0.44784
3_000240,136,101,243,337,0.27426
3_000240,556,267,27,42,0.073369
3_000240,452,224,183,242,0.35527
3_000240,290,131,344,334,0.33423
3_000240,37,255,288,211,0.34489
3_000240,36,12,384,300,0.29817
3_000300,155,112,46,87,0.39927
3_000300,213,12,225,292,0.30686
3_000300,301,12,332,312,0.39966
3_000300,36,12,236,341,0.28597
3_000300,486,207,44,84,0.056385
3_000300,37,128,271,338,0.31237
3_000300,237,237,398,229,0.41057
3_000300,253,47,50,72,0.051556
3_000360,451,90,43,67,0.073238
3_000360,318,12,317,343,0.28584
3_000360,603,132,31,63,0.29161
3_000360,38,12,156,382,0.3563
3_000360,233,97,206,326,0.59066
3_000360,38,99,461,367,0.2725
3_000360,404,231,233,235,0.25145
3_000360,131,12,471,167,0.22231
3_000420,333,12,288,271,0.24956
3_000420,214,12,166,273,0.76076
3_000420,40,12,107,250,0.26039
3_000420,70,106,57,130,0.25027
3_000420,138,231,287,234,0.30939
3_000420,461,12,176,454,0.32508
3_000420,306,222,249,243,0.31302
3_000420,39,12,238,454,0.31112
3_000480,38,12,243,247,0.33674
3_000480,268,22,158,361,0.33564
3_000480,526,176,14,49,0.1336
3_000480,376,71,162,296,0.74901
3_000480,254,236,36,84,0.2227
3_000480,37,153,263,313,0.30675
3_000480,88,222,550,244,0.29887
3_000480,222,12,415,344,0.2684
3_000540,372,12,262,190,0.4788
3_000540,107,65,349,385,0.28337
3_000540,38,12,364,183,0.30402
3_000540,392,73,244,330,0.30745
3_000540,154,154,157,277,0.7945
3_000540,39,106,312,360,0.26461
3_000540,39,173,40,229,0.18589
3_000600,347,12,290,290,0.67281
3_000600,216,12,166,316,0.30444
3_000600,199,165,43,98,0.35797
3_000600,336,38,302,337,0.25723
3_000600,38,12,216,293,0.35408
3_000600,38,282,251,184,0.3127
3_000600,171,12,62,39,0.27329
3_000660,238,29,96,76,0.07719
3_000660,35,12,429,241,0.27731
3_000660,36,61,330,210,0.31076
3_000660,39,214,354,252,0.38855
3_000660,347,97,286,369,0.31087
3_000660,197,288,359,178,0.3145
3_000660,177,46,71,57,0.19093
3_000720,459,12,61,63,0.24201
3_000720,380,12,259,388,0.30423
3_000720,273,12,266,324,0.30059
3_000720,34,12,285,454,0.29904
3_000720,113,12,348,453,0.28844
3_000720,36,373,70,44,0.27369
3_000720,400,265,238,201,0.395
3_000720,194,26,62,77,0.20452
3_000780,37,12,196,233,0.86775
3_000780,308,12,219,379,0.30269
3_000780,497,283,31,20,0.13452
3_000780,82,178,315,288,0.34845
3_000780,481,86,156,380,0.27732
3_000780,39,12,280,454,0.24047
3_000780,529,396,62,58,0.075239
3_000780,371,12,267,453,0.29419
3_000840,148,12,416,431,0.26149
3_000840,37,12,260,419,0.38132
3_000840,487,12,148,370,0.46317
3_000840,413,165,222,301,0.32886
3_000840,290,65,221,362,0.29945
3_000840,381,411,28,32,0.16838
3_000840,38,225,430,241,0.31413
3_000840,180,53,39,31,0.08536
3_000900,37,21,311,401,0.51
3_000900,37,12,260,132,0.34672
3_000900,299,12,236,257,0.3163
3_000900,402,308,21,16,0.1483
3_000900,285,196,349,269,0.30699
3_000900,38,146,290,320,0.32151
3_000900,382,236,254,230,0.27621
3_000900,368,12,266,217,0.47036
3_000960,37,12,410,348,0.522
3_000960,623,228,12,26,0.24352
3_000960,39,37,288,342,0.27994
3_000960,38,154,70,204,0.15066
3_000960,476,336,20,20,0.13408
3_000960,340,131,297,335,0.33146
3_000960,38,147,370,319,0.28021
3_000960,295,12,340,256,0.32273
3_001020,309,12,154,211,0.81165
3_001020,38,12,198,213,0.15892
3_001020,38,196,354,269,0.30587
3_001020,306,88,257,378,0.29999
3_001020,574,332,33,18,0.10458
3_001020,37,330,310,136,0.34672
3_001020,386,105,251,361,0.31276
3_001020,191,12,445,230,0.28745
4_000000,36,12,345,454,0.27842
4_000000,502,15,132,211,0.28479
4_000000,50,12,417,332,0.27293
4_000000,390,223,63,50,0.30377
4_000000,119,231,285,214,0.42041
4_000000,415,12,219,328,0.33393
4_000000,322,12,313,454,0.29074
4_000000,474,12,149,113,0.21406
4_000060,261,12,372,303,0.3117
4_000060,275,201,293,264,0.47184
4_000060,408,85,227,381,0.29598
4_000060,594,287,41,55,0.088603
4_000060,37,90,228,376,0.33093
4_000060,376,365,43,61,0.33556
4_000060,145,112,273,353,0.27509
4_000060,37,12,311,309,0.29666
4_000120,265,12,370,214,0.35421
4_000120,355,124,280,342,0.34139
4_000120,36,137,245,298,0.31498
4_000120,161,12,315,426,0.2773
4_000120,602,424,33,42,0.3449
4_000120,36,336,352,130,0.41511
4_000120,167,428,98,37,0.1246
4_000120,35,12,192,194,0.31702
4_000180,39,44,19,135,0.15836
4_000180,38,50,325,266,0.3014
4_000180,37,12,471,319,0.28648
4_000180,498,242,135,198,0.64431
4_000180,405,12,230,376,0.32577
4_000180,207,312,428,154,0.31687
4_000180,581,376,41,47,0.18927
4_000180,37,201,339,265,0.3437
4_000240,171,12,462,163,0.30803
4_000240,38,12,398,453,0.25963
4_000240,190,65,312,276,0.28374
4_000240,406,61,229,331,0.29077
4_000240,220,187,415,279,0.36189
4_000240,541,255,71,64,0.14458
4_000240,604,304,30,54,0.1966
4_000240,37,113,234,353,0.29651
4_000300,37,55,176,411,0.28212
4_000300,197,12,436,284,0.44395
4_000300,178,25,456,441,0.25805
4_000300,350,126,285,297,0.2763
4_000300,551,282,36,25,0.18764
4_000300,410,313,53,58,0.31837
4_000300,87,278,439,187,0.38613
4_000300,38,12,299,329,0.27922
4_000360,37,12,231,206,0.33098
4_000360,244,52,391,358,0.28721
4_000360,37,159,252,307,0.32414
4_000360,59,12,313,360,0.28198
4_000360,230,216,284,249,0.35371
4_000360,334,217,301,249,0.27659
4_000360,365,437,8,12,0.37389
4_000360,347,12,287,213,0.31043
4_000420,255,12,379,232,0.24128
4_000420,331,93,304,263,0.27892
4_000420,144,80,282,385,0.26327
4_000420,308,223,328,243,0.29266
4_000420,261,333,10,18,0.40363
4_000420,262,229,257,236,0.34774
4_000420,37,177,260,289,0.30447
4_000420,37,12,290,208,0.35103
4_000480,189,12,446,234,0.26735
4_000480,37,12,261,276,0.32075
4_000480,380,28,255,252,0.28647
4_000480,380,118,16,84,0.3147
4_000480,113,129,312,239,0.29004
4_000480,385,111,250,274,0.3535
4_000480,366,281,270,185,0.34249
4_000480,36,270,357,196,0.36126
4_000540,226,37,289,428,0.27913
4_000540,357,31,278,345,0.2992
4_000540,37,12,284,233,0.3388
4_000540,36,183,286,283,0.30128
4_000540,408,304,32,25,0.29787
4_000540,93,127,200,316,0.31014
4_000540,382,229,253,237,0.34827
4_000540,290,12,343,195,0.29366
5_000000,35,12,338,194,0.31466
5_000000,301,12,330,289,0.5314
5_000000,36,154,296,312,0.28977
5_000000,37,139,438,327,0.27333
5_000000,282,348,133,102,0.7187
5_000000,157,279,479,187,0.28373
5_000000,283,392,44,52,0.37678
5_000000,131,27,501,347,0.24271
5_000060,199,48,347,266,0.27941
5_000060,34,12,405,291,0.27638
5_000060,570,182,23,22,0.14068
5_000060,437,12,195,370,0.33845
5_000060,160,167,325,298,0.32977
5_000060,36,264,320,202,0.14163
5_000060,390,282,247,184,0.24514
5_000060,133,12,364,202,0.28075
5_000120,37,12,363,454,0.27123
5_000120,36,12,230,259,0.27488
5_000120,284,181,143,140,0.38038
5_000120,104,205,454,261,0.32212
5_000120,359,111,279,320,0.30687
5_000120,288,199,143,129,0.62651
5_000120,300,12,332,177,0.33916
5_000180,36,12,255,371,0.34364
5_000180,272,12,360,279,0.46867
5_000180,241,212,99,71,0.20906
5_000180,180,142,455,324,0.27291
5_000180,315,222,60,93,0.54361
5_000180,241,251,134,98,0.57901
5_000180,37,239,406,227,0.28056
5_000180,174,201,433,265,0.26585
5_000240,436,12,196,227,0.58716
5_000240,36,12,367,332,0.31535
5_000240,238,206,107,92,0.13897
5_000240,250,206,387,260,0.33151
5_000240,242,248,98,100,0.55782
5_000240,259,215,121,137,0.72743
5_000240,37,261,362,205,0.32071
5_000240,253,12,353,270,0.29174
5_000300,359,175,91,144,0.44018
5_000300,372,109,213,221,0.25793
5_000300,370,137,199,188,0.76152
5_000300,39,158,132,308,0.17829
5_000300,143,136,285,329,0.28602
5_000300,38,12,274,266,0.29898
5_000360,376,12,257,96,0.34556
5_000360,256,201,74,52,0.453
5_000360,205,152,140,191,0.26752
5_000360,221,165,175,179,0.76124
5_000360,39,12,313,454,0.27452
5_000360,75,149,540,317,0.25927
5_000420,36,12,478,203,0.33119
5_000420,38,83,355,245,0.30339
5_000420,310,173,327,293,0.27199
5_000420,224,250,124,147,0.37705
5_000420,303,263,68,113,0.58941
5_000420,38,249,532,217,0.33015
5_000420,250,277,123,124,0.53041
5_000420,458,12,174,290,0.50725
5_000480,308,12,325,454,0.24891
5_000480,379,12,252,276,0.57214
5_000480,37,47,338,404,0.29455
5_000480,179,272,115,112,0.56674
5_000480,257,268,50,94,0.59818
5_000480,37,196,514,270,0.28296
5_000480,346,392,253,74,0.29838
5_000480,35,12,335,184,0.32567
5_000540,396,40,242,331,0.29992
5_000540,273,121,165,78,0.29062
5_000540,270,144,169,143,0.79404
5_000540,38,12,346,305,0.30569
5_000540,154,12,404,405,0.2722
5_000540,38,128,185,338,0.13128
5_000540,435,12,197,101,0.3758
5_000600,367,12,272,405,0.32397
5_000600,352,135,173,138,0.23421
5_000600,346,196,115,115,0.47435
5_000600,203,12,239,453,0.28399
5_000600,361,164,157,141,0.56207
5_000600,37,93,149,373,0.15115
5_000600,38,12,265,278,0.30788
5_000660,212,12,420,169,0.58962
5_000660,36,12,275,454,0.31637
5_000660,315,172,165,86,0.23759
5_000660,130,12,296,453,0.27473
5_000660,348,196,129,139,0.59513
5_000660,294,127,345,288,0.28613
5_000660,312,228,89,106,0.54883
5_000720,67,12,361,344,0.26331
5_000720,166,95,468,248,0.28884
5_000720,378,255,260,211,0.34581
5_000720,36,12,297,415,0.24559
5_000720,281,314,82,99,0.48116
5_000720,301,288,130,128,0.59459
5_000720,38,320,392,146,0.31465
5_000720,342,12,290,267,0.38749
6_000000,37,12,241,177,0.36029
6_000000,38,79,461,387,0.27302
6_000000,122,119,514,259,0.26907
6_000000,218,238,82,89,0.44258
6_000000,254,217,109,119,0.75962
6_000000,164,210,473,196,0.30446
6_000000,227,12,405,236,0.30634
6_000060,455,12,177,277,0.55803
6_000060,81,12,366,372,0.28002
6_000060,36,12,348,454,0.27913
6_000060,245,307,101,98,0.5614
6_000060,278,280,109,119,0.60621
6_000060,127,192,510,273,0.30157
6_000060,273,12,291,232,0.29188
6_000120,387,12,245,165,0.34662
6_000120,37,73,346,393,0.27247
6_000120,228,128,151,115,0.7712
6_000120,167,28,469,315,0.28606
6_000120,542,289,45,30,0.17234
6_000120,76,262,279,204,0.33095
6_000120,38,12,350,98,0.2931
6_000180,94,90,326,206,0.30558
6_000180,306,12,326,341,0.5131
6_000180,35,12,329,384,0.29969
6_000180,129,212,482,229,0.28851
6_000180,258,323,132,93,0.73329
6_000180,547,379,26,23,0.092977
6_000180,38,345,468,121,0.31511
6_000240,40,12,208,363,0.29099
6_000240,77,112,169,83,0.27389
6_000240,246,12,388,384,0.49109
6_000240,82,171,99,92,0.48047
6_000240,203,41,317,318,0.30789
6_000240,119,144,127,137,0.77671
6_000240,41,174,340,292,0.31453
6_000300,191,106,144,135,0.78791
6_000300,402,39,180,358,0.29701
6_000300,157,12,352,323,0.28981
6_000300,348,12,285,454,0.36859
6_000300,38,12,249,453,0.29112
6_000300,242,217,370,249,0.32235
6_000300,39,172,165,294,0.13955
6_000300,180,84,140,127,0.51476
6_000360,372,12,259,322,0.54162
6_000360,450,65,183,401,0.29442
6_000360,37,118,444,297,0.29046
6_000360,199,256,74,95,0.37679
6_000360,148,255,114,107,0.7205
6_000360,37,242,300,224,0.1154
6_000360,311,389,277,77,0.49397
6_000360,36,12,389,241,0.33383
6_000420,48,12,407,203,0.31123
6_000420,35,12,238,249,0.30848
6_000420,387,12,245,420,0.54857
6_000420,169,130,396,321,0.28232
6_000420,284,276,71,100,0.38179
6_000420,237,323,83,58,0.53644
6_000420,36,196,380,270,0.31115
6_000480,278,12,354,257,0.46868
6_000480,36,12,245,430,0.26745
6_000480,261,224,158,152,0.43775
6_000480,291,250,125,132,0.62616
6_000480,350,180,288,286,0.34516
6_000480,37,399,43,67,0.39498
6_000480,70,217,354,249,0.28401
6_000480,138,32,366,241,0.29398
7_000000,211,12,422,454,0.25984
7_000000,36,12,263,225,0.32625
7_000000,409,12,222,284,0.5753
7_000000,37,114,452,352,0.27916
7_000000,183,288,82,50,0.38097
7_000000,180,300,89,84,0.55027
7_000000,228,272,91,108,0.33441
7_000000,60,260,498,205,0.30791
7_000060,444,12,188,208,0.35241
7_000060,38,12,180,454,0.11772
7_000060,248,149,169,114,0.22648
7_000060,168,12,293,260,0.31341
7_000060,240,199,100,76,0.52006
7_000060,247,188,163,134,0.77293
7_000060,328,92,311,374,0.31594
7_000060,90,150,453,315,0.28977
7_000120,313,144,188,129,0.3186
7_000120,38,12,350,273,0.32368
7_000120,311,177,184,153,0.79079
7_000120,77,318,34,55,0.55459
7_000120,38,152,299,314,0.29591
7_000120,114,258,502,208,0.32101
7_000120,234,12,399,157,0.26022
7_000180,291,107,9,36,0.12284
7_000180,164,12,468,170,0.32156
7_000180,282,22,354,370,0.29304
7_000180,36,184,335,282,0.33274
7_000180,35,12,353,437,0.2731
7_000180,329,220,308,246,0.31122
7_000180,37,394,11,19,0.15904
7_000180,356,399,148,66,0.82508
7_000240,35,12,145,231,0.17151
7_000240,174,161,8,29,0.1431
7_000240,154,12,328,207,0.28793
7_000240,103,12,347,353,0.27621
7_000240,37,197,246,269,0.3375
7_000240,218,228,378,238,0.36468
7_000240,448,12,184,398,0.41353
7_000240,398,12,234,454,0.31236
7_000300,322,12,311,376,0.24076
7_000300,34,41,385,222,0.26985
7_000300,36,150,21,49,0.12867
7_000300,35,137,222,329,0.31274
7_000300,129,192,488,188,0.27143
7_000300,323,237,314,229,0.28704
7_000300,95,318,473,148,0.31006
7_000300,174,12,430,166,0.30741
7_000360,36,12,223,292,0.30223
7_000360,387,12,246,346,0.49462
7_000360,39,247,390,219,0.32248
7_000360,165,12,353,375,0.25642
7_000360,376,110,262,356,0.33618
7_000360,362,359,46,95,0.27204
7_000360,364,327,131,138,0.78099
7_000360,43,12,337,262,0.3055
7_000420,51,12,273,248,0.31157
7_000420,410,12,227,308,0.60835
7_000420,78,176,560,290,0.2719
7_000420,317,229,157,173,0.21563
7_000420,37,12,296,454,0.27296
7_000420,302,259,50,131,0.49873
7_000420,313,271,146,133,0.54036
7_000420,239,12,236,265,0.31816
7_000480,110,12,396,232,0.31524
7_000480,423,12,210,454,0.45452
7_000480,218,181,141,141,0.76263
7_000480,43,84,445,382,0.27471
7_000480,233,144,153,189,0.23214
7_000480,40,12,206,439,0.20244
7_000480,208,178,51,144,0.47809
7_000480,272,193,316,273,0.2641
7_000540,39,12,384,258,0.27131
7_000540,40,51,260,415,0.26242
7_000540,82,246,341,219,0.30056
7_000540,393,177,238,218,0.52427
7_000540,346,224,286,242,0.29931
7_000540,69,314,145,134,0.69687
7_000540,63,309,77,140,0.46939
7_000540,303,12,259,297,0.34094
7_000600,426,12,205,307,0.44529
7_000600,68,12,343,453,0.27275
7_000600,198,12,293,337,0.30127
7_000600,36,12,161,454,0.26782
7_000600,182,223,271,242,0.32898
7_000600,381,192,251,274,0.32015
7_000600,566,441,15,20,0.12316
7_000600,217,442,102,23,0.69559
7_000660,187,12,236,236,0.31264
7_000660,380,12,252,271,0.34224
7_000660,105,70,402,340,0.26574
7_000660,504,131,128,335,0.54745
7_000660,282,251,80,38,0.62105
7_000660,258,281,121,118,0.84253
7_000660,39,266,550,200,0.32214
7_000660,37,12,227,327,0.24898
7_000720,37,12,310,395,0.30307
7_000720,146,12,327,264,0.3114
7_000720,282,272,83,35,0.62186
7_000720,481,154,151,312,0.52754
7_000720,278,241,309,225,0.3061
7_000720,261,298,121,117,0.84099
7_000720,38,249,323,217,0.31945
7_000720,409,12,223,267,0.35003
7_000780,35,55,320,221,0.28522
7_000780,295,95,337,371,0.27088
7_000780,453,114,179,276,0.58231
7_000780,36,210,283,256,0.3285
7_000780,129,122,413,343,0.27003
7_000780,245,342,82,110,0.58304
7_000780,203,360,86,92,0.5697
7_000780,35,12,595,218,0.29516
8_000000,371,12,264,312,0.1841
8_000000,36,12,384,200,0.34006
8_000000,118,77,344,235,0.28472
8_000000,416,224,23,32,0.48212
8_000000,36,151,240,315,0.27547
8_000000,99,179,305,287,0.28634
8_000000,316,266,35,34,0.41277
8_000000,295,254,344,212,0.33542
8_000060,36,12,318,235,0.3208
8_000060,302,241,55,34,0.45172
8_000060,330,65,305,253,0.34836
8_000060,273,236,92,95,0.53283
8_000060,498,258,140,149,0.096117
8_000060,37,181,285,285,0.33642
8_000060,117,12,517,317,0.27847
8_000120,234,86,189,189,0.26341
8_000120,405,12,234,277,0.33172
8_000120,328,139,103,133,0.46465
8_000120,39,88,169,378,0.11131
8_000120,93,60,362,405,0.275
8_000120,300,158,125,123,0.76076
8_000120,39,12,515,164,0.26143
8_000180,37,12,207,325,0.33656
8_000180,353,12,282,278,0.26053
8_000180,283,247,85,49,0.4981
8_000180,336,166,301,205,0.3365
8_000180,215,281,148,71,0.61421
8_000180,38,173,350,293,0.31454
8_000180,176,12,390,177,0.35876
8_000240,327,41,22,38,0.11699
8_000240,35,12,492,278,0.30236
8_000240,93,14,72,131,0.23575
8_000240,270,12,364,192,0.32306
8_000240,37,172,351,294,0.33438
8_000240,278,133,357,232,0.35845
8_000240,492,12,48,39,0.27603
8_000300,142,12,495,241,0.31664
8_000300,350,177,86,77,0.47952
8_000300,191,89,266,331,0.33566
8_000300,39,270,171,142,0.1282
8_000300,41,186,308,280,0.25958
8_000300,37,12,358,315,0.31792
8_000360,221,12,313,196,0.32796
8_000360,360,12,278,294,0.27468
8_000360,446,12,193,454,0.25734
8_000360,180,222,271,243,0.24139
8_000360,249,152,316,313,0.32717
8_000360,198,12,54,137,0.37172
8_000420,234,12,355,228,0.34084
8_000420,243,53,219,412,0.25481
8_000420,77,12,248,453,0.26769
8_000420,173,105,213,360,0.26273
8_000420,48,410,55,19,0.11504
8_000420,36,12,169,454,0.64265
8_000480,36,12,375,214,0.33849
8_000480,338,12,195,281,0.25546
8_000480,38,92,337,279,0.28235
8_000480,38,163,241,303,0.2677
8_000480,369,362,229,26,0.40058
8_000540,114,12,519,334,0.2454
8_000540,34,12,396,338,0.28393
8_000540,330,126,305,261,0.3291
8_000540,36,143,205,323,0.32172
8_000540,142,210,212,255,0.33868
8_000540,255,315,32,33,0.44196
8_000540,211,304,425,162,0.31602
8_000540,106,12,506,138,0.45668
8_000600,477,12,64,52,0.11878
8_000600,366,12,267,363,0.31135
8_000600,35,12,495,225,0.31177
8_000600,70,157,281,308,0.2882
8_000600,36,116,137,350,0.31638
8_000600,223,141,412,288,0.29707
8_000600,235,300,118,88,0.91296
8_000600,249,351,386,115,0.30785
8_000660,515,12,80,78,0.22961
8_000660,36,12,494,206,0.32161
8_000660,272,62,269,217,0.30652
8_000660,471,12,163,319,0.41712
8_000660,176,304,57,64,0.74815
8_000660,186,315,428,151,0.31422
8_000660,37,148,285,318,0.33282
8_000660,223,127,413,339,0.29434
8_000720,149,12,473,291,0.27631
8_000720,159,194,143,271,0.38873
8_000720,39,12,255,453,0.12314
8_000720,427,396,108,69,0.54617
8_000720,180,328,391,137,0.2752
8_000720,242,12,110,59,0.12197
8_000780,308,271,67,96,0.24179
8_000780,378,267,52,104,0.2767
8_000780,461,279,73,95,0.28543
8_000780,403,228,231,238,0.47513
8_000780,34,53,357,412,0.28614
8_000780,36,207,487,259,0.30934
8_000840,38,109,218,357,0.12667
8_000840,204,249,5,6,0.25279
8_000840,250,12,375,453,0.20883
8_000840,357,186,194,279,0.22561
8_000840,158,12,280,453,0.23263
8_000840,37,12,346,201,0.49753
8_000900,258,109,22,42,0.44978
8_000900,294,12,275,373,0.32141
8_000900,41,183,337,283,0.31578
8_000900,39,12,325,274,0.27025
8_000900,204,382,53,83,0.2913
8_000900,278,12,358,176,0.30178
8_000960,355,49,24,27,0.64472
8_000960,38,12,368,344,0.2957
8_000960,341,12,297,345,0.2631
8_000960,74,109,401,319,0.27328
8_000960,437,318,34,51,0.06379
8_000960,41,209,353,257,0.2396
8_000960,39,12,28,43,0.12475
8_001020,40,16,179,99,0.10724
8_001020,315,54,99,53,0.29541
8_001020,45,47,366,149,0.26019
8_001020,226,12,409,372,0.34015
8_001020,40,182,198,284,0.18414
8_001020,235,272,397,194,0.35873
8_001020,162,12,181,48,0.33411
8_001080,404,177,75,52,0.34075
8_001080,329,184,70,77,0.27046
8_001080,103,239,89,54,0.2712
8_001080,35,162,598,282,0.26761
8_001080,263,303,190,50,0.73554
8_001080,36,288,598,178,0.34292
9_000000,36,12,304,228,0.21768
9_000000,256,12,379,284,0.49552
9_000000,40,150,91,134,0.44411
9_000000,230,193,396,159,0.30405
9_000000,36,150,257,316,0.24789
9_000000,79,312,344,154,0.32686
9_000000,210,12,303,211,0.36432
9_000060,179,12,455,225,0.51561
9_000060,204,211,77,91,0.37288
9_000060,277,222,52,72,0.31832
9_000060,38,235,193,96,0.22813
9_000060,259,149,334,316,0.28896
9_000060,42,260,337,206,0.32706
9_000060,37,12,452,239,0.35334
9_000120,39,12,421,187,0.25499
9_000120,268,40,370,345,0.28965
9_000120,180,156,186,209,0.35561
9_000120,246,222,351,244,0.27131
9_000120,37,90,232,298,0.28263
9_000120,44,318,384,148,0.24987
9_000120,184,12,451,214,0.57445
9_000180,36,48,181,219,0.31042
9_000180,92,110,253,208,0.37039
9_000180,196,12,436,206,0.53312
9_000180,290,166,242,113,0.24409
9_000180,348,104,291,327,0.30725
9_000180,41,222,132,244,0.12491
9_000180,42,12,450,146,0.34462
9_000240,35,12,489,260,0.3157
9_000240,542,12,95,314,0.28986
9_000240,38,37,114,175,0.42757
9_000240,250,109,300,155,0.65456
9_000240,137,158,225,171,0.29592
9_000240,41,192,187,217,0.13974
9_000240,42,233,566,233,0.27779
9_000300,276,12,361,343,0.59896
9_000300,134,142,173,107,0.44613
9_000300,272,204,205,158,0.25987
9_000300,172,153,138,104,0.4681
9_000300,181,207,107,98,0.35209
9_000300,40,237,305,229,0.11988
9_000300,36,12,420,318,0.30229
9_000360,360,12,272,216,0.14424
9_000360,131,113,123,130,0.42907
9_000360,316,211,319,167,0.60691
9_000360,36,144,311,278,0.30606
9_000360,297,288,157,122,0.40841
9_000360,40,325,338,141,0.12555
9_000360,35,12,490,242,0.24641
9_000420,136,12,345,222,0.37541
9_000420,35,12,250,357,0.34591
9_000420,170,15,463,311,0.47412
9_000420,436,240,201,226,0.3298
9_000420,192,292,85,109,0.40804
9_000420,97,289,105,133,0.35034
9_000420,125,259,374,206,0.31773
9_000420,40,334,117,132,0.12966
9_000480,37,54,256,312,0.15872
9_000480,523,264,48,73,0.59564
9_000480,58,319,28,22,0.31271
9_000480,39,250,379,216,0.25462
9_000480,358,189,277,277,0.42282
9_000540,35,12,76,88,0.62195
9_000540,37,12,336,242,0.29548
9_000540,211,98,283,343,0.30832
9_000540,406,223,62,64,0.10454
9_000540,42,147,280,319,0.14001
9_000540,252,287,250,178,0.10753
9_000600,42,12,194,159,0.29468
9_000600,57,12,578,297,0.53066
9_000600,39,103,125,328,0.44569
9_000600,42,126,545,340,0.2876
9_000600,81,270,212,195,0.21696
9_000600,143,12,175,148,0.44512
9_000660,45,12,237,333,0.27246
9_000660,244,61,359,288,0.1288
9_000660,35,336,433,130,0.65093
9_000660,39,338,154,89,0.5759
9_000660,165,224,120,200,0.2522
9_000660,312,298,325,168,0.14579
9_000660,91,12,416,273,0.16982
9_000720,47,12,425,229,0.094541
9_000720,190,199,59,61,0.43795
9_000720,129,76,506,340,0.35452
9_000720,41,52,372,414,0.34198
9_000720,189,328,200,137,0.45623
9_000720,144,379,146,86,0.12455
9_000720,233,12,402,259,0.37229
