10_000000,36,12,317,275,0.17291
10_000000,38,233,526,119,0.20572
10_000000,364,142,274,324,0.16491
10_000000,201,313,264,73,0.46702
10_000000,35,304,246,162,0.1535
10_000000,213,341,297,109,0.56147
10_000000,156,399,215,66,0.13689
10_000000,248,12,289,256,0.14348
10_000060,36,12,404,228,0.14269
10_000060,585,120,48,176,0.26667
10_000060,38,139,581,190,0.14835
10_000060,197,296,213,75,0.43979
10_000060,34,316,280,150,0.14102
10_000060,244,287,313,145,0.54225
10_000060,207,12,380,226,0.14138
10_000120,173,12,350,279,0.15076
10_000120,291,12,347,261,0.1926
10_000120,37,12,263,306,0.14635
10_000120,297,343,307,68,0.30405
10_000120,527,341,108,73,0.43243
10_000120,34,377,350,89,0.083696
10_000120,284,376,350,90,0.56665
10_000180,198,128,197,78,0.46931
10_000180,35,127,338,170,0.19898
10_000180,203,125,390,193,0.54334
10_000180,117,216,255,127,0.13891
10_000180,40,271,511,195,0.13333
10_000240,303,12,335,353,0.30946
10_000240,239,12,335,287,0.18038
10_000240,509,104,123,141,0.70264
10_000240,166,215,446,250,0.21101
10_000240,279,298,51,79,0.12957
10_000240,64,12,246,278,0.27874
10_000300,223,12,312,174,0.51796
10_000300,398,12,238,333,0.28358
10_000300,167,12,336,429,0.17522
10_000300,207,139,431,326,0.39967
10_000300,125,12,258,396,0.18454
10_000300,32,328,199,138,0.30612
10_000300,431,401,201,65,0.71969
10_000360,403,12,235,305,0.30008
10_000360,205,12,200,407,0.28689
10_000360,279,12,190,453,0.32384
10_000360,567,318,65,99,0.70447
10_000360,485,369,149,97,0.49987
10_000360,101,12,147,373,0.38957
10_000420,276,37,44,94,0.26698
10_000420,313,12,325,171,0.14621
10_000420,33,52,287,378,0.14298
10_000420,479,265,154,104,0.74561
10_000420,235,214,327,156,0.19937
10_000420,138,283,499,183,0.24809
10_000420,40,388,570,78,0.094975
10_000480,37,12,298,173,0.14442
10_000480,93,12,497,152,0.14969
10_000480,38,150,590,108,0.17822
10_000480,471,233,166,130,0.17319
10_000480,169,239,321,79,0.48223
10_000480,35,247,332,155,0.13878
10_000480,222,271,323,111,0.43992
10_000540,38,43,600,141,0.15728
10_000540,516,127,119,112,0.31676
10_000540,35,160,311,165,0.14755
10_000540,274,146,353,129,0.59837
10_000540,231,215,204,99,0.17804
10_000540,38,246,330,220,0.13978
10_000540,41,12,595,111,0.060167
10_000600,100,12,355,238,0.21155
10_000600,453,171,49,52,0.46724
10_000600,587,199,46,116,0.13807
10_000600,38,174,306,237,0.2512
10_000600,36,12,454,321,0.14551
10_000600,39,304,506,162,0.42913
10_000600,181,217,454,249,0.44377
10_000660,38,12,236,191,0.25882
10_000660,541,12,95,250,0.056757
10_000660,420,195,129,57,0.38673
10_000660,40,188,278,123,0.3822
10_000660,34,149,516,261,0.33825
10_000660,44,327,443,139,0.046896
10_000720,37,63,435,207,0.17079
10_000720,39,245,519,115,0.38234
10_000720,35,241,599,225,0.4
10_000720,188,371,135,73,0.38072
10_000720,117,401,333,64,0.47395
10_000720,36,12,461,238,0.20107
10_000780,36,12,282,324,0.1669
10_000780,338,117,52,45,0.26667
10_000780,42,83,329,212,0.1408
10_000780,517,181,114,71,0.38133
10_000780,39,240,397,198,0.28448
10_000780,36,120,598,346,0.27358
11_000000,33,12,138,138,0.4086
11_000000,363,19,269,278,0.32745
11_000000,131,278,65,52,0.39277
11_000000,39,12,416,425,0.13787
11_000000,230,303,107,135,0.12075
11_000000,258,259,375,207,0.29733
11_000000,35,288,485,178,0.38351
11_000000,114,12,235,332,0.18078
11_000060,243,12,387,150,0.35028
11_000060,38,12,327,453,0.13819
11_000060,37,124,237,248,0.31234
11_000060,270,200,81,137,0.22629
11_000060,341,115,292,351,0.18474
11_000060,200,221,299,244,0.32139
11_000060,35,386,157,80,0.23181
11_000060,34,32,52,102,0.33955
11_000120,412,77,43,48,0.25522
11_000120,370,86,265,374,0.13717
11_000120,33,12,224,336,0.13635
11_000120,74,12,556,225,0.18293
11_000120,225,144,375,321,0.14301
11_000120,413,321,220,145,0.15392
11_000120,34,288,295,178,0.31733
11_000120,505,22,49,53,0.18946
11_000180,76,12,555,237,0.30156
11_000180,529,144,54,43,0.31837
11_000180,145,93,487,227,0.13439
11_000180,102,215,64,70,0.21949
11_000180,429,228,206,238,0.034342
11_000180,184,248,275,217,0.15564
11_000180,36,181,194,285,0.13333
11_000240,109,14,318,451,0.13549
11_000240,41,12,141,138,0.22638
11_000240,33,12,78,236,0.40202
11_000240,135,85,199,317,0.50448
11_000240,251,12,381,290,0.55276
11_000240,297,163,337,303,0.22405
11_000240,38,145,299,320,0.13851
11_000240,34,363,154,103,0.33103
11_000300,34,12,303,224,0.13709
11_000300,50,95,216,296,0.16172
11_000300,275,32,361,292,0.49082
11_000300,36,251,359,215,0.27462
11_000300,164,424,21,36,0.35626
11_000300,356,307,279,159,0.13519
11_000300,197,12,439,239,0.13978
11_000360,315,12,322,289,0.35578
11_000360,254,187,90,99,0.27907
11_000360,34,12,232,406,0.37752
11_000360,329,247,53,76,0.090348
11_000360,130,74,508,332,0.13694
11_000360,330,160,305,306,0.21441
11_000360,35,280,337,186,0.24453
11_000360,181,12,371,196,0.14279
11_000420,215,176,135,150,0.12956
11_000420,34,12,190,350,0.35401
11_000420,280,59,214,257,0.64884
11_000420,225,185,95,100,0.44412
11_000420,93,41,484,374,0.13896
11_000420,35,251,275,215,0.24488
11_000420,276,141,360,325,0.19249
11_000420,175,12,463,194,0.15296
11_000480,179,63,282,271,0.53298
11_000480,136,234,106,85,0.31035
11_000480,112,179,256,191,0.16666
11_000480,44,123,471,342,0.14894
11_000480,36,268,130,198,0.38504
11_000480,297,172,339,294,0.52939
11_000480,43,12,315,185,0.061685
11_000540,144,37,277,368,0.21902
11_000540,34,12,202,165,0.34492
11_000540,39,12,315,297,0.13666
11_000540,40,108,426,357,0.13738
11_000540,233,317,353,149,0.36965
11_000540,359,82,274,384,0.45575
11_000540,35,342,126,124,0.31418
11_000540,326,12,303,79,0.34558
11_000600,39,12,405,453,0.14453
11_000600,96,77,299,334,0.56956
11_000600,207,50,316,390,0.13953
11_000600,34,12,271,189,0.39162
11_000600,369,12,264,454,0.14323
11_000600,597,281,27,35,0.36355
11_000600,35,337,100,129,0.32076
11_000600,265,306,354,160,0.282
11_000660,39,23,309,423,0.14911
11_000660,33,12,264,224,0.36202
11_000660,187,34,272,366,0.19299
11_000660,335,12,298,379,0.26185
11_000660,276,312,358,154,0.17064
11_000660,39,141,448,324,0.13597
11_000660,35,368,79,98,0.34377
11_000660,503,64,70,52,0.18982
11_000720,202,12,428,166,0.12012
11_000720,34,12,307,231,0.15324
11_000720,300,102,336,363,0.13588
11_000720,164,181,351,284,0.14115
11_000720,247,312,54,94,0.24148
11_000720,35,188,208,278,0.26935
11_000720,411,316,222,150,0.192
11_000720,491,18,119,103,0.19954
12_000000,36,12,285,297,0.1504
12_000000,165,12,305,453,0.13771
12_000000,38,156,146,310,0.19909
12_000000,139,294,107,121,0.65403
12_000000,132,292,66,130,0.2592
12_000000,198,169,435,297,0.1384
12_000000,476,424,23,41,0.050889
12_000000,428,12,205,366,0.30181
12_000060,506,12,127,43,0.22165
12_000060,37,12,248,248,0.041316
12_000060,184,89,418,376,0.13768
12_000060,39,77,189,389,0.27193
12_000060,173,224,127,115,0.51637
12_000060,340,46,295,420,0.14123
12_000060,181,298,85,59,0.57728
12_000060,262,12,297,200,0.15111
12_000120,40,12,373,385,0.13902
12_000120,311,12,324,285,0.26667
12_000120,73,199,159,114,0.18007
12_000120,77,242,154,123,0.53721
12_000120,90,309,75,61,0.5335
12_000120,440,219,196,247,0.15476
12_000120,41,212,450,254,0.14113
12_000120,39,12,265,206,0.18721
12_000180,40,12,305,267,0.18714
12_000180,41,47,180,419,0.15071
12_000180,269,12,303,281,0.21024
12_000180,70,176,212,209,0.37253
12_000180,152,208,486,257,0.14621
12_000180,141,245,117,124,0.46558
12_000180,418,12,219,267,0.1465
12_000240,130,17,162,140,0.54398
12_000240,225,100,64,86,0.50871
12_000240,103,92,140,115,0.34959
12_000240,100,12,527,275,0.14059
12_000240,42,12,264,454,0.16866
12_000240,221,196,269,269,0.14985
12_000240,81,14,132,168,0.12687
12_000300,77,103,29,41,0.54118
12_000300,41,12,390,333,0.14864
12_000300,269,12,303,289,0.14316
12_000300,505,12,128,235,0.30037
12_000300,35,146,79,116,0.59636
12_000300,39,109,272,357,0.14381
12_000300,305,247,329,219,0.19927
12_000300,234,173,401,292,0.14203
12_000360,42,12,234,216,0.1529
12_000360,230,113,129,108,0.12296
12_000360,305,115,125,144,0.63173
12_000360,255,173,129,105,0.64127
12_000360,41,176,307,290,0.18012
12_000360,282,283,295,182,0.2347
12_000360,241,12,354,202,0.062225
12_000420,41,12,464,218,0.2776
12_000420,39,150,107,121,0.017512
12_000420,85,151,128,140,0.47
12_000420,47,232,162,92,0.60567
12_000420,480,12,156,454,0.23671
12_000420,336,93,280,372,0.14055
12_000420,66,128,387,337,0.14173
12_000420,41,268,239,198,0.17165
12_000480,36,12,597,191,0.31623
12_000480,570,76,22,27,0.27002
12_000480,296,25,340,264,0.14028
12_000480,38,92,363,334,0.1834
12_000480,41,292,379,174,0.14672
12_000480,346,372,78,56,0.26482
12_000480,319,222,320,244,0.35796
12_000480,353,450,41,15,0.19212
12_000540,36,12,303,173,0.049485
12_000540,207,28,282,244,0.13867
12_000540,291,57,345,394,0.15225
12_000540,200,183,436,283,0.19238
12_000540,205,343,105,75,0.64025
12_000540,397,384,33,17,0.009883
12_000540,38,111,274,355,0.14789
12_000540,330,12,302,178,0.36709
12_000600,38,12,207,407,0.23857
12_000600,483,12,149,329,0.43368
12_000600,564,87,51,40,0.2225
12_000600,136,21,233,368,0.14363
12_000600,234,167,315,259,0.13693
12_000600,39,290,508,176,0.16741
12_000600,529,337,103,129,0.24168
12_000600,242,12,284,324,0.18117
12_000660,36,12,359,183,0.2139
12_000660,458,69,178,397,0.16873
12_000660,367,12,220,426,0.14434
12_000660,156,60,451,406,0.13719
12_000660,206,231,106,129,0.48297
12_000660,236,248,91,102,0.58382
12_000660,37,96,228,370,0.144
12_000660,528,12,105,63,0.2398
12_000720,321,12,233,318,0.13763
12_000720,593,12,39,70,0.18206
12_000720,336,12,299,350,0.13892
12_000720,36,12,352,243,0.13836
12_000720,37,95,225,222,0.10377
12_000720,37,207,278,259,0.14143
12_000720,250,238,117,123,0.59278
12_000720,284,254,353,212,0.14359
12_000780,167,12,330,453,0.13882
12_000780,123,236,111,141,0.45588
12_000780,136,244,115,127,0.67011
12_000780,476,156,159,310,0.1419
12_000780,38,81,148,385,0.14168
12_000780,286,12,347,453,0.22168
12_000780,494,375,61,90,0.073838
12_000780,37,12,354,335,0.19107
12_000840,519,12,114,79,0.2644
12_000840,437,84,199,382,0.13953
12_000840,147,218,142,152,0.51038
12_000840,39,43,170,423,0.14872
12_000840,178,244,111,124,0.57622
12_000840,186,12,443,454,0.14481
12_000840,291,12,322,437,0.15228
12_000840,37,12,264,229,0.14396
13_000000,37,12,345,186,0.13068
13_000000,177,48,125,119,0.57783
13_000000,44,105,565,360,0.14089
13_000000,94,216,42,51,0.023086
13_000000,237,24,349,280,0.14033
13_000000,296,253,327,157,0.18989
13_000000,38,151,249,315,0.19184
13_000060,172,83,75,105,0.0094047
13_000060,197,44,321,253,0.13616
13_000060,289,152,130,88,0.49269
13_000060,38,69,194,325,0.27791
13_000060,386,48,252,324,0.15406
13_000060,132,202,310,242,0.14717
13_000060,35,12,464,158,0.42298
13_000120,213,47,376,267,0.13633
13_000120,346,152,120,85,0.61313
13_000120,423,78,216,277,0.17758
13_000120,36,80,258,371,0.29339
13_000120,38,298,106,87,0.015441
13_000120,40,222,469,244,0.14339
13_000120,34,12,598,158,0.27454
13_000180,34,12,493,178,0.27289
13_000180,440,12,198,310,0.15731
13_000180,364,97,115,88,0.62441
13_000180,37,92,279,308,0.26607
13_000180,38,272,168,110,0.14116
13_000180,40,238,438,228,0.1459
13_000180,235,12,321,187,0.13536
13_000240,89,73,299,116,0.21747
13_000240,245,23,389,275,0.13828
13_000240,296,172,56,74,0.52209
13_000240,40,124,286,341,0.1408
13_000240,264,86,373,359,0.14978
13_000240,36,253,440,213,0.21553
13_000240,34,12,539,269,0.34224
13_000300,331,12,71,51,0.56951
13_000300,34,12,521,235,0.25164
13_000300,284,36,351,251,0.13966
13_000300,123,106,340,273,0.14561
13_000300,363,212,68,130,0.37043
13_000300,37,204,400,262,0.27672
13_000300,585,12,48,75,0.21864
13_000360,275,12,357,182,0.16699
13_000360,37,115,300,315,0.14349
13_000360,288,128,282,337,0.14545
13_000360,210,243,107,114,0.67599
13_000360,38,231,356,235,0.13947
13_000360,384,77,250,389,0.13896
13_000360,202,253,76,104,0.61438
13_000360,34,12,391,139,0.34024
13_000420,34,12,439,209,0.23251
13_000420,467,46,33,32,0.21664
13_000420,59,102,281,363,0.13629
13_000420,399,16,231,312,0.13556
13_000420,35,94,174,372,0.19865
13_000420,582,297,29,31,0.0022026
13_000420,295,126,333,340,0.17309
13_000420,448,27,24,29,0.16586
13_000480,38,12,202,453,0.34156
13_000480,112,140,104,134,0.53268
13_000480,129,12,160,423,0.13727
13_000480,101,145,55,127,0.54335
13_000480,182,12,450,341,0.27592
13_000480,193,29,268,436,0.1402
13_000480,385,209,248,257,0.14227
13_000480,45,416,68,50,0.13333
13_000540,34,12,514,262,0.13875
13_000540,355,12,278,333,0.14423
13_000540,122,56,340,409,0.35144
13_000540,35,194,75,100,0.54168
13_000540,95,266,39,41,0.73056
13_000540,36,302,46,22,0.72298
13_000540,37,24,233,442,0.13925
13_000540,395,118,238,348,0.13762
13_000600,55,34,324,431,0.13744
13_000600,219,114,127,135,0.76253
13_000600,38,12,542,405,0.1363
13_000600,38,73,172,393,0.20647
13_000600,114,405,123,36,0.018435
13_000600,335,246,299,220,0.20873
13_000600,83,373,201,93,0.13152
13_000600,326,12,309,419,0.16334
13_000660,34,12,309,270,0.13809
13_000660,342,35,290,283,0.13585
13_000660,106,12,285,206,0.33688
13_000660,67,255,454,210,0.13709
13_000660,302,217,332,249,0.17028
13_000660,36,270,182,196,0.18373
13_000660,193,373,75,92,0.52531
13_000660,183,12,449,288,0.14444
13_000720,34,12,316,136,0.41276
13_000720,187,43,446,275,0.1563
13_000720,37,156,406,232,0.14258
13_000720,318,214,316,252,0.15291
13_000720,151,296,34,64,0.41635
13_000720,157,279,109,111,0.70953
13_000720,37,241,421,225,0.14149
13_000720,34,12,598,218,0.14982
13_000780,138,12,201,453,0.13881
13_000780,235,12,216,413,0.13954
13_000780,121,135,47,94,0.54998
13_000780,127,108,112,133,0.64408
13_000780,397,154,236,312,0.1505
13_000780,274,12,359,453,0.17341
13_000780,44,384,115,82,0.017039
13_000780,38,12,222,393,0.14629
13_000840,554,12,77,110,0.2556
13_000840,37,12,220,326,0.16509
13_000840,290,115,288,350,0.269
13_000840,251,12,323,453,0.13558
13_000840,36,173,243,293,0.14693
13_000840,100,384,39,24,0.45189
13_000840,122,12,339,353,0.13733
13_000900,221,12,277,248,0.14136
13_000900,38,12,244,277,0.16875
13_000900,423,12,207,341,0.41686
13_000900,37,178,221,287,0.1487
13_000900,288,347,36,18,0.041784
13_000900,41,287,73,179,0.40279
13_000900,178,143,362,322,0.13562
13_000900,525,45,23,27,0.036933
13_000960,54,12,578,146,0.38667
13_000960,38,15,271,335,0.13843
13_000960,156,220,91,134,0.59234
13_000960,149,233,29,104,0.53298
13_000960,38,66,259,400,0.14308
13_000960,257,39,357,384,0.17792
13_000960,262,162,157,303,0.28844
13_000960,334,76,299,390,0.13639
14_000000,65,70,429,276,0.18559
14_000000,356,12,279,277,0.14054
14_000000,46,245,45,36,0.50737
14_000000,33,16,451,313,0.13499
14_000000,90,330,73,24,0.47266
14_000000,346,253,290,213,0.15953
14_000000,34,280,360,186,0.44376
14_000000,107,54,39,24,0.00091887
14_000060,33,12,349,188,0.13717
14_000060,251,12,298,173,0.13874
14_000060,272,173,77,22,0.37528
14_000060,327,12,307,296,0.17234
14_000060,34,155,296,198,0.13823
14_000060,35,215,514,251,0.16717
14_000060,388,162,247,304,0.1384
14_000060,235,81,36,30,0.37795
14_000120,388,12,249,204,0.18043
14_000120,35,12,240,346,0.14856
14_000120,240,12,254,291,0.13891
14_000120,145,176,24,12,0.4988
14_000120,386,124,251,342,0.27733
14_000120,35,212,386,254,0.13874
14_000120,282,264,264,201,0.13481
14_000120,99,443,22,13,0.1315
14_000180,409,12,225,225,0.13887
14_000180,93,12,243,206,0.28429
14_000180,33,136,285,330,0.14383
14_000180,335,210,66,24,0.3251
14_000180,157,190,475,242,0.21201
14_000180,34,262,19,27,0.31599
14_000180,109,212,526,254,0.14541
14_000180,234,12,302,279,0.13618
14_000240,337,76,298,240,0.13763
14_000240,34,184,26,40,0.37435
14_000240,79,191,50,56,0.32675
14_000240,34,12,189,454,0.34004
14_000240,388,124,249,342,0.26348
14_000240,254,120,195,345,0.14277
14_000240,69,38,264,428,0.14416
14_000240,125,12,511,192,0.13754
14_000300,501,76,70,56,0.46823
14_000300,223,12,407,321,0.16248
14_000300,257,52,150,380,0.35496
14_000300,476,12,158,408,0.18014
14_000300,275,225,360,241,0.28126
14_000300,448,28,33,19,0.40547
14_000360,464,12,174,287,0.2048
14_000360,127,12,412,281,0.14625
14_000360,102,61,30,75,0.33169
14_000360,34,12,243,288,0.14281
14_000360,197,105,336,298,0.13862
14_000360,343,251,295,215,0.16674
14_000360,33,220,356,246,0.35134
14_000360,417,12,57,39,0.016958
14_000420,232,12,403,248,0.16738
14_000420,36,183,252,230,0.37397
14_000420,239,221,349,198,0.14721
14_000420,38,384,203,82,0.14798
14_000420,35,12,246,199,0.042278
14_000480,107,91,78,29,0.4002
14_000480,169,52,348,413,0.13659
14_000480,239,139,284,141,0.60965
14_000480,34,12,148,345,0.22365
14_000480,37,259,330,207,0.221
14_000480,108,12,381,94,0.14006
14_000540,249,12,316,234,0.14224
14_000540,33,12,316,289,0.13742
14_000540,229,143,38,36,0.36747
14_000540,264,231,81,24,0.35847
14_000540,371,12,264,358,0.24226
14_000540,34,178,305,288,0.14234
14_000540,91,226,547,240,0.13633
14_000540,100,54,32,24,0.12909
14_000600,33,12,175,250,0.14028
14_000600,114,12,266,248,0.14441
14_000600,325,12,310,453,0.14377
14_000600,34,196,16,27,0.29994
14_000600,102,205,281,202,0.27103
14_000600,35,275,337,191,0.16152
14_000600,429,203,210,263,0.20478
14_000600,472,66,166,159,0.16536
15_000000,36,12,332,375,0.14293
15_000000,265,301,82,42,0.58731
15_000000,358,12,277,453,0.14097
15_000000,274,305,78,125,0.63698
15_000000,37,133,337,333,0.14074
15_000000,262,353,24,35,0.45936
15_000000,410,109,227,357,0.1457
15_000000,211,12,324,317,0.13615
15_000060,36,69,264,304,0.14035
15_000060,351,12,283,324,0.15251
15_000060,36,12,404,384,0.13712
15_000060,349,280,78,54,0.586
15_000060,38,272,407,194,0.1407
15_000060,360,326,77,104,0.67511
15_000060,410,168,227,298,0.13922
15_000060,193,12,305,208,0.13778
15_000120,107,12,433,209,0.13685
15_000120,36,12,272,453,0.22618
15_000120,293,12,342,312,0.14167
15_000120,270,168,366,262,0.13642
15_000120,198,302,68,52,0.40086
15_000120,206,355,39,32,0.36807
15_000120,302,277,335,189,0.20833
15_000120,37,122,263,344,0.34312
15_000180,37,12,218,429,0.1643
15_000180,122,12,295,370,0.26196
15_000180,286,223,11,17,0.35829
15_000180,292,244,31,32,0.28973
15_000180,392,12,245,397,0.14789
15_000180,39,213,339,253,0.14796
15_000180,419,12,217,271,0.14265
15_000240,34,12,266,178,0.26985
15_000240,35,74,256,392,0.32938
15_000240,496,143,141,323,0.1445
15_000240,198,110,361,351,0.29594
15_000240,532,306,19,54,0.61709
15_000240,178,296,79,96,0.46052
15_000240,146,237,371,228,0.1432
15_000240,246,12,389,229,0.13785
15_000300,246,12,392,335,0.22107
15_000300,36,12,212,454,0.26403
15_000300,51,179,16,16,0.32385
15_000300,150,12,267,375,0.37683
15_000300,401,204,21,99,0.29147
15_000300,320,307,29,40,0.41115
15_000300,85,137,352,329,0.13964
15_000300,401,33,238,433,0.31126
15_000360,38,12,142,355,0.20749
15_000360,302,102,291,301,0.13831
15_000360,326,12,312,360,0.18239
15_000360,336,181,18,67,0.56181
15_000360,39,189,339,277,0.14431
15_000360,259,290,30,31,0.46224
15_000360,73,12,282,355,0.51505
15_000420,37,12,354,354,0.33585
15_000420,290,96,347,369,0.14855
15_000420,312,225,21,18,0.39145
15_000420,333,12,303,330,0.14767
15_000420,254,260,65,93,0.47728
15_000420,38,119,335,347,0.13766
15_000420,37,43,192,373,0.14618
15_000480,68,35,281,387,0.16527
15_000480,302,12,331,199,0.3205
15_000480,314,17,322,386,0.15716
15_000480,313,323,20,66,0.38776
15_000480,293,251,343,215,0.14312
15_000480,36,135,256,331,0.29459
15_000480,269,354,62,111,0.7076
15_000480,36,12,353,185,0.15243
16_000000,35,12,597,116,0.0097867
16_000000,162,70,470,142,0.29894
16_000000,35,35,597,295,0.27671
16_000000,85,185,547,167,0.13902
16_000000,35,260,572,167,0.13622
16_000000,36,272,600,194,0.5672
16_000000,258,387,25,78,0.58861
16_000000,286,383,79,82,0.6819
16_000060,129,152,55,152,0.44954
16_000060,460,12,175,281,0.37698
16_000060,162,157,116,154,0.71895
16_000060,37,12,498,304,0.14566
16_000060,142,67,496,399,0.13906
16_000060,39,216,329,250,0.14055
16_000060,562,328,73,138,0.59672
16_000060,37,45,168,330,0.14026
16_000120,257,12,375,322,0.13892
16_000120,437,57,195,293,0.55695
16_000120,94,231,139,154,0.83468
16_000120,216,12,386,404,0.13712
16_000120,78,229,69,119,0.54006
16_000120,219,175,418,291,0.14021
16_000120,111,12,306,453,0.13719
16_000120,36,12,245,454,0.15483
16_000180,299,12,335,244,0.1928
16_000180,39,12,321,233,0.30647
16_000180,38,68,331,230,0.29132
16_000180,37,257,224,209,0.09877
16_000180,406,240,144,164,0.77197
16_000180,345,78,290,388,0.14277
16_000180,207,123,386,342,0.13833
16_000180,344,40,27,79,0.041999
16_000240,272,12,193,63,0.28939
16_000240,37,12,252,264,0.31782
16_000240,204,12,365,454,0.13697
16_000240,348,12,285,454,0.35524
16_000240,147,108,371,357,0.40051
16_000240,238,281,127,131,0.74955
16_000240,37,237,431,229,0.13981
16_000240,151,12,62,53,0.17608
16_000300,480,18,152,237,0.56239
16_000300,143,201,494,265,0.13531
16_000300,35,12,598,336,0.13644
16_000300,36,89,559,318,0.4574
16_000300,167,246,54,97,0.51424
16_000300,184,247,106,120,0.64948
16_000300,36,168,314,298,0.41191
16_000300,97,12,535,316,0.13822
16_000360,189,173,54,106,0.5828
16_000360,207,175,109,127,0.6603
16_000360,298,12,335,329,0.31693
16_000360,36,67,247,399,0.14138
16_000360,74,89,409,279,0.13565
16_000360,126,270,511,195,0.13966
16_000360,36,12,487,323,0.13815
16_000420,234,12,400,340,0.21871
16_000420,175,133,372,332,0.1357
16_000420,295,210,64,93,0.49249
16_000420,368,192,266,274,0.13707
16_000420,307,215,124,132,0.75655
16_000420,39,12,493,369,0.2392
16_000420,35,58,303,408,0.13827
16_000420,192,17,64,33,0.26388
16_000480,36,12,549,319,0.13653
16_000480,174,82,461,367,0.13722
16_000480,37,135,209,237,0.13848
16_000480,257,123,380,343,0.13715
16_000480,206,236,60,104,0.5306
16_000480,219,238,123,139,0.80016
16_000480,37,283,393,183,0.14068
16_000480,111,12,522,306,0.33429
16_000540,101,124,97,182,0.31489
16_000540,118,128,193,221,0.79072
16_000540,92,126,85,166,0.59637
16_000540,476,12,160,430,0.62137
16_000540,340,12,298,454,0.14453
16_000540,83,158,353,307,0.14465
16_000540,40,12,246,454,0.14473
16_000540,152,12,289,172,0.14259
16_000600,35,12,598,332,0.27728
16_000600,95,91,19,22,0.11879
16_000600,234,119,400,330,0.13902
16_000600,35,185,298,281,0.1376
16_000600,269,232,62,83,0.5626
16_000600,280,236,110,119,0.73764
16_000600,148,173,487,293,0.13639
16_000600,196,12,436,285,0.29083
16_000660,35,92,101,90,0.2828
16_000660,149,12,408,214,0.34558
16_000660,34,12,598,403,0.13599
16_000660,199,12,433,327,0.1414
16_000660,107,238,526,228,0.13627
16_000660,35,179,244,287,0.13699
16_000660,251,299,107,104,0.7334
16_000660,96,12,79,129,0.2534
16_000720,35,12,510,382,0.13953
16_000720,330,37,302,294,0.47852
16_000720,179,12,453,263,0.13599
16_000720,61,212,413,254,0.13874
16_000720,189,304,106,116,0.68901
16_000720,173,299,62,96,0.39973
16_000720,36,136,598,330,0.13776
16_000720,548,409,90,57,0.44183
16_000780,64,45,527,351,0.13602
16_000780,35,12,326,382,0.15782
16_000780,359,139,272,226,0.42817
16_000780,36,221,315,244,0.14525
16_000780,266,275,367,191,0.13779
16_000780,34,416,92,50,0.56147
16_000780,440,410,169,56,0.5588
16_000780,175,12,281,105,0.16206
17_000000,83,12,144,56,0.47057
17_000000,450,12,185,121,0.24727
17_000000,292,12,144,98,0.52068
17_000000,37,12,470,308,0.13938
17_000000,354,12,283,454,0.21357
17_000000,270,282,115,93,0.45829
17_000000,37,178,334,260,0.56934
17_000000,39,291,450,175,0.35843
17_000060,227,17,168,99,0.54304
17_000060,36,111,574,355,0.19683
17_000060,37,12,276,217,0.22611
17_000060,271,12,366,454,0.16814
17_000060,279,284,108,95,0.41039
17_000060,60,257,331,209,0.52343
17_000060,242,286,303,179,0.35501
17_000060,409,12,226,91,0.2214
17_000120,278,12,138,86,0.55689
17_000120,273,12,364,259,0.14539
17_000120,219,138,417,270,0.22778
17_000120,37,12,280,277,0.13886
17_000120,36,225,366,241,0.58747
17_000120,474,329,163,137,0.42788
17_000120,257,262,300,204,0.36107
17_000120,65,12,151,72,0.36687
17_000180,49,12,144,68,0.34807
17_000180,265,12,135,84,0.51909
17_000180,187,12,411,386,0.13839
17_000180,36,12,373,454,0.15834
17_000180,270,259,111,96,0.42824
17_000180,79,229,302,189,0.53755
17_000180,451,12,187,454,0.24543
17_000180,58,263,492,203,0.33514
17_000240,245,12,133,84,0.54751
17_000240,64,49,357,207,0.13833
17_000240,342,12,295,233,0.14876
17_000240,36,12,338,454,0.27191
17_000240,289,257,82,73,0.30635
17_000240,316,103,320,326,0.3348
17_000240,233,260,405,206,0.31013
17_000240,37,12,136,77,0.31342
17_000300,36,12,196,138,0.40476
17_000300,39,71,276,357,0.27621
17_000300,226,12,394,290,0.25888
17_000300,377,12,258,239,0.032114
17_000300,444,246,95,123,0.53948
17_000300,41,297,294,169,0.26159
17_000300,266,180,372,286,0.3459
17_000300,115,12,128,106,0.44224
17_000360,247,12,388,232,0.18412
17_000360,36,12,187,115,0.37513
17_000360,39,37,268,349,0.30461
17_000360,225,71,291,210,0.3778
17_000360,44,174,303,292,0.25184
17_000360,444,203,99,117,0.46618
17_000360,283,157,355,309,0.2988
17_000360,131,12,112,84,0.43144
17_000420,325,12,88,67,0.47684
17_000420,78,12,330,153,0.35394
17_000420,121,41,47,63,0.37995
17_000420,37,12,214,359,0.30281
17_000420,146,163,443,302,0.28584
17_000420,43,306,281,160,0.044816
17_000480,38,12,549,225,0.27469
17_000480,148,107,81,77,0.2988
17_000480,480,74,105,114,0.58577
17_000480,35,103,200,238,0.52626
17_000480,306,116,286,349,0.31789
17_000480,159,245,302,220,0.24856
17_000480,39,108,337,358,0.27656
18_000000,42,183,303,127,0.32799
18_000000,275,133,310,187,0.38229
18_000000,76,253,66,35,0.13008
18_000000,103,147,535,283,0.39633
18_000000,187,306,101,21,0.13397
18_000060,333,160,97,65,0.40101
18_000060,545,160,77,72,0.47385
18_000060,34,166,212,124,0.34269
18_000060,379,137,254,190,0.25169
18_000060,37,166,600,228,0.15378
18_000060,40,269,510,197,0.20203
18_000060,381,340,257,126,0.32142
18_000120,261,152,102,44,0.26625
18_000120,382,198,55,45,0.15151
18_000120,34,64,333,269,0.34168
18_000120,35,222,495,207,0.14334
18_000120,416,317,51,46,0.50486
18_000120,243,146,391,320,0.30981
18_000120,42,340,246,126,0.05418
18_000180,288,272,113,33,0.13362
18_000180,34,225,450,160,0.3257
18_000180,35,279,565,186,0.16184
18_000180,437,323,195,143,0.20364
18_000180,38,342,107,124,0.024551
18_000240,319,196,140,63,0.18003
18_000240,35,206,477,257,0.23242
18_000240,34,161,501,166,0.26991
18_000240,424,189,211,277,0.33633
18_000240,39,343,94,123,0.014893
18_000240,71,330,374,135,0.138
18_000300,383,79,184,61,0.473
18_000300,193,93,407,353,0.13767
18_000300,35,111,304,192,0.35839
18_000300,308,16,331,286,0.36015
18_000300,532,124,97,184,0.50901
18_000300,37,164,564,302,0.14623
18_000360,36,12,534,258,0.13689
18_000360,144,37,407,401,0.58278
18_000360,49,164,362,232,0.26096
18_000360,582,258,39,39,0.42291
18_000360,486,223,152,243,0.19948
18_000360,39,160,364,297,0.22841
18_000360,41,12,594,454,0.23188
18_000360,34,12,236,106,0.20684
18_000420,34,12,169,108,0.26705
18_000420,356,106,278,341,0.32095
18_000420,427,153,72,79,0.30181
18_000420,127,12,289,241,0.35095
18_000420,35,83,306,320,0.1413
18_000420,255,12,326,389,0.21296
18_000420,38,270,596,196,0.22707
18_000420,451,12,81,27,0.3181
18_000480,34,12,330,454,0.14255
18_000480,413,12,225,272,0.35937
18_000480,33,12,197,385,0.17162
18_000480,82,316,21,12,0.2174
18_000480,223,182,414,283,0.2851
18_000480,229,12,272,425,0.14348
18_000480,121,57,8,14,0.12935
18_000540,44,12,505,326,0.2614
18_000540,35,12,146,230,0.33416
18_000540,487,54,60,78,0.51073
18_000540,428,105,75,66,0.4047
18_000540,358,140,85,60,0.40154
18_000540,39,12,377,454,0.22553
18_000540,182,181,450,285,0.26681
18_000600,580,84,36,30,0.23088
18_000600,34,35,240,201,0.29293
18_000600,35,12,415,306,0.19506
18_000600,54,204,584,251,0.13903
18_000600,391,12,245,324,0.30981
18_000600,39,399,80,67,0.097846
18_000600,36,307,602,159,0.3256
18_000600,579,12,34,28,0.57332
18_000660,493,159,66,37,0.49127
18_000660,34,19,290,244,0.28842
18_000660,236,12,397,249,0.26903
18_000660,35,77,314,302,0.15924
18_000660,416,107,220,252,0.28297
18_000660,37,107,501,337,0.13887
18_000660,37,316,599,150,0.15287
18_000660,412,62,47,33,0.3409
18_000720,372,61,116,45,0.39708
18_000720,34,12,362,233,0.29965
18_000720,67,62,407,237,0.17892
18_000720,395,90,240,329,0.42107
18_000720,160,12,395,410,0.13866
18_000720,34,228,602,238,0.14795
18_000720,37,407,95,59,0.031041
18_000720,542,12,87,47,0.52286
18_000780,512,45,35,56,0.47808
18_000780,34,12,297,275,0.14496
18_000780,93,12,476,147,0.56714
18_000780,599,183,31,22,0.46293
18_000780,428,57,207,275,0.19575
18_000780,122,73,398,213,0.4518
18_000780,157,251,480,215,0.51994
18_000780,38,150,356,316,0.13333
19_000000,407,12,228,376,0.2806
19_000000,37,12,384,256,0.18905
19_000000,226,12,379,237,0.22386
19_000000,94,211,409,120,0.48263
19_000000,283,271,351,195,0.05858
19_000000,36,248,441,217,0.39966
19_000000,39,383,401,83,0.046025
19_000000,139,53,85,41,0.31632
19_000060,35,12,238,199,0.16777
19_000060,554,44,76,53,0.3781
19_000060,233,12,400,414,0.26591
19_000060,35,221,352,245,0.25239
19_000060,36,111,293,303,0.20952
19_000060,171,100,416,323,0.25257
19_000060,255,315,378,151,0.30281
19_000060,231,12,45,30,0.25368
19_000120,280,12,356,330,0.13901
19_000120,36,12,525,283,0.1451
19_000120,586,266,17,16,0.30601
19_000120,37,243,112,120,0.025657
19_000120,36,212,600,254,0.38213
19_000120,39,269,413,197,0.15214
19_000120,435,397,100,68,0.36961
19_000120,294,12,335,104,0.098277
19_000180,175,12,457,242,0.68617
19_000180,38,12,382,253,0.13631
19_000180,35,12,354,364,0.13915
19_000180,73,207,295,233,0.13969
19_000180,177,166,455,299,0.13756
19_000180,338,258,297,208,0.21206
19_000180,35,344,185,122,0.53899
19_000240,371,21,47,54,0.26667
19_000240,137,87,83,45,0.3219
19_000240,127,12,504,325,0.27645
19_000240,37,146,377,319,0.27728
19_000240,39,297,151,169,0.1656
19_000240,383,199,251,267,0.31578
19_000240,35,54,386,399,0.24329
19_000300,297,119,83,62,0.26667
19_000300,408,160,115,65,0.42742
19_000300,34,145,181,278,0.28217
19_000300,319,173,315,293,0.36044
19_000300,36,199,342,267,0.31959
19_000300,110,91,85,80,0.34352
19_000360,301,88,63,25,0.6887
19_000360,34,167,522,299,0.19575
19_000360,116,133,486,333,0.4176
19_000360,34,266,283,200,0.23209
19_000360,469,368,39,39,0.35664
19_000420,110,12,481,164,0.31192
19_000420,311,56,324,410,0.19634
19_000420,33,12,576,221,0.22835
19_000420,392,208,33,16,0.42436
19_000420,34,88,302,378,0.20042
19_000420,111,251,518,215,0.14015
19_000420,45,289,460,177,0.14031
19_000420,413,58,54,27,0.33133
19_000480,142,62,74,34,0.41397
19_000480,33,12,516,301,0.27963
19_000480,159,59,374,168,0.27861
19_000480,326,79,305,224,0.30725
19_000480,33,92,288,244,0.18112
19_000480,301,286,332,180,0.17749
19_000480,35,319,453,147,0.46089
19_000540,36,12,187,65,0.18928
19_000540,370,23,169,165,0.53407
19_000540,39,111,319,354,0.27345
19_000540,202,100,231,365,0.29491
19_000540,414,29,223,437,0.31438
19_000540,39,12,490,453,0.2522
19_000540,42,287,137,179,0.31266
19_000540,397,300,82,165,0.41109
19_000600,58,12,92,64,0.24048
19_000600,122,12,370,421,0.28055
19_000600,41,12,253,297,0.1684
19_000600,39,161,339,305,0.57273
19_000600,258,17,45,63,0.34024
1_000000,331,107,44,20,0.36984
1_000000,191,12,442,186,0.4436
1_000000,36,128,347,338,0.15797
1_000000,151,182,380,224,0.13888
1_000000,224,282,105,41,0.57999
1_000000,426,177,209,212,0.25355
1_000000,166,325,473,141,0.40918
1_000060,37,42,453,276,0.13764
1_000060,209,12,426,198,0.20605
1_000060,364,157,68,46,0.59014
1_000060,281,197,99,99,0.68187
1_000060,43,273,412,193,0.14925
1_000060,39,142,276,275,0.085656
1_000060,51,72,77,33,0.18671
1_000120,311,12,322,166,0.31258
1_000120,440,158,199,308,0.30193
1_000120,122,191,425,274,0.16455
1_000120,130,104,408,226,0.13693
1_000120,34,149,344,317,0.14459
1_000120,207,309,92,119,0.64636
1_000120,445,22,102,47,0.37799
1_000180,162,74,339,182,0.13948
1_000180,37,151,474,244,0.14175
1_000180,229,244,85,24,0.56926
1_000180,145,294,88,103,0.72458
1_000180,37,253,408,213,0.14262
1_000180,37,12,596,172,0.27369
1_000240,58,177,68,42,0.33243
1_000240,355,217,99,30,0.60447
1_000240,286,261,62,72,0.69098
1_000240,123,189,472,168,0.1381
1_000240,36,94,505,372,0.14238
1_000240,165,12,473,286,0.14846
1_000300,217,12,421,187,0.14191
1_000300,382,44,107,93,0.68589
1_000300,42,12,277,289,0.16344
1_000300,41,126,470,333,0.1515
1_000300,40,294,316,172,0.2747
1_000300,516,12,72,24,0.62271
1_000360,34,12,385,215,0.13871
1_000360,237,22,395,152,0.27478
1_000360,260,122,375,180,0.13589
1_000360,134,57,190,223,0.27723
1_000360,284,200,105,76,0.54824
1_000360,36,215,598,189,0.13852
1_000360,34,24,64,61,0.25496
1_000420,37,109,595,189,0.13597
1_000420,34,186,171,72,0.63978
1_000420,254,182,381,178,0.15982
1_000420,191,223,100,109,0.21688
1_000420,298,242,37,101,0.0086572
1_000420,37,243,497,223,0.22258
1_000420,35,12,585,124,0.39784
1_000480,35,12,597,193,0.31782
1_000480,305,96,330,237,0.14359
1_000480,34,55,340,213,0.23311
1_000480,325,172,105,80,0.51925
1_000480,36,198,427,219,0.14421
1_000480,58,286,123,165,0.17337
1_000480,34,12,100,54,0.17413
1_000540,86,12,546,110,0.1361
1_000540,35,54,501,174,0.13752
1_000540,285,192,107,78,0.51505
1_000540,195,138,141,146,0.32918
1_000540,264,110,375,356,0.22838
1_000540,36,209,278,257,0.22958
1_000540,88,94,479,371,0.14043
1_000540,34,29,58,58,0.10292
1_000600,49,39,73,76,0.0101
1_000600,36,12,596,171,0.51668
1_000600,236,59,400,227,0.13537
1_000600,258,190,99,68,0.5701
1_000600,352,260,112,81,0.016079
1_000600,429,226,129,139,0.22424
1_000600,36,183,481,274,0.14752
1_000660,455,12,180,133,0.029045
1_000660,203,12,328,182,0.26829
1_000660,34,12,436,156,0.13476
1_000660,506,129,125,97,0.47831
1_000660,35,141,458,242,0.13777
1_000660,38,222,416,244,0.16436
1_000660,33,12,272,50,0.14411
1_000720,34,12,279,152,0.21202
1_000720,290,109,343,116,0.13679
1_000720,46,72,586,211,0.13465
1_000720,54,167,151,94,0.73986
1_000720,196,152,438,258,0.14248
1_000720,36,153,437,303,0.17927
1_000720,298,12,334,96,0.16011
1_000780,313,68,321,201,0.14207
1_000780,259,48,67,144,0.35004
1_000780,311,117,123,85,0.55534
1_000780,35,12,234,243,0.31597
1_000780,152,12,291,326,0.13789
1_000780,38,170,453,296,0.2539
1_000780,252,12,385,170,0.44065
20_000000,159,29,474,355,0.13594
20_000000,35,12,157,454,0.32055
20_000000,238,84,395,201,0.13755
20_000000,358,176,277,289,0.13714
20_000000,136,267,121,162,0.32927
20_000000,52,322,537,144,0.19331
20_000000,560,417,58,49,0.40259
20_000000,98,12,534,172,0.13557
20_000060,264,30,369,269,0.13555
20_000060,33,12,349,268,0.30858
20_000060,34,183,455,246,0.40277
20_000060,390,126,245,340,0.13879
20_000060,175,393,4,4,0.27936
20_000060,35,299,289,167,0.31629
20_000060,238,367,292,98,0.1985
20_000060,234,12,398,211,0.48992
20_000120,118,12,514,165,0.20435
20_000120,34,12,294,206,0.24182
20_000120,304,78,329,300,0.13736
20_000120,36,122,285,204,0.34715
20_000120,439,182,196,284,0.13875
20_000120,208,237,145,108,0.3013
20_000120,363,340,7,9,0.41651
20_000120,37,300,465,166,0.48434
20_000180,196,12,437,207,0.13794
20_000180,35,12,354,166,0.41484
20_000180,35,119,348,305,0.44535
20_000180,343,32,291,318,0.13781
20_000180,126,213,102,157,0.29283
20_000180,37,254,347,212,0.16788
20_000180,335,237,246,228,0.36474
20_000180,499,304,138,162,0.39455
20_000240,208,62,347,390,0.32516
20_000240,274,12,358,183,0.22336
20_000240,490,145,144,321,0.13716
20_000240,35,128,360,196,0.36933
20_000240,37,228,534,238,0.19903
20_000240,64,326,338,139,0.21232
20_000240,48,442,54,24,0.11356
20_000240,35,12,454,142,0.66952
20_000300,164,12,468,378,0.29027
20_000300,35,124,323,201,0.37444
20_000300,285,235,137,98,0.26902
20_000300,454,79,180,387,0.13727
20_000300,38,230,508,235,0.16157
20_000300,37,319,400,146,0.24646
20_000300,47,418,85,48,0.045856
20_000300,34,12,397,144,0.43873
21_000000,35,32,482,335,0.29814
21_000000,34,12,419,140,0.33267
21_000000,234,153,25,38,0.21796
21_000000,210,12,424,277,0.30226
21_000000,322,185,312,244,0.31923
21_000000,37,269,194,197,0.35358
21_000000,200,253,437,213,0.36957
21_000000,221,12,89,33,0.37708
21_000060,322,12,315,377,0.31635
21_000060,68,143,34,67,0.2048
21_000060,227,12,313,278,0.24706
21_000060,37,183,215,240,0.37067
21_000060,264,189,375,277,0.3123
21_000060,39,109,496,357,0.34118
21_000060,35,12,282,269,0.48708
21_000120,88,35,457,297,0.48638
21_000120,49,196,281,270,0.29654
21_000120,395,283,17,39,0.25155
21_000120,323,297,28,36,0.27393
21_000120,34,160,180,306,0.33747
21_000120,278,68,353,397,0.32004
21_000120,348,152,288,314,0.47057
21_000180,35,12,91,126,0.35143
21_000180,114,12,395,256,0.42379
21_000180,126,55,239,377,0.34187
21_000180,37,33,113,294,0.35651
21_000180,386,12,250,234,0.30685
21_000180,39,32,419,434,0.36559
21_000180,402,12,36,124,0.31011
21_000240,508,82,48,30,0.50585
21_000240,313,61,319,199,0.48304
21_000240,152,154,481,245,0.33611
21_000240,190,251,57,52,0.34451
21_000240,33,254,391,212,0.32833
21_000240,367,288,268,178,0.40741
2_000000,203,12,314,233,0.27999
2_000000,509,90,29,73,0.09503
2_000000,34,12,348,328,0.15812
2_000000,278,118,75,167,0.19579
2_000000,37,203,280,263,0.14516
2_000000,495,180,29,105,0.0038373
2_000000,170,183,467,283,0.15009
2_000000,450,12,186,393,0.17762
2_000060,573,12,58,44,0.2091
2_000060,255,12,258,309,0.14461
2_000060,188,63,70,84,0.078227
2_000060,397,12,239,449,0.19579
2_000060,252,136,39,52,0.10972
2_000060,37,12,220,454,0.19406
2_000060,50,91,461,344,0.13843
2_000060,206,338,419,128,0.29938
2_000120,34,12,301,231,0.14254
2_000120,298,109,57,132,0.17809
2_000120,388,175,27,60,0.44089
2_000120,35,180,304,178,0.14095
2_000120,225,198,320,267,0.14083
2_000120,430,143,207,323,0.25821
2_000120,37,270,314,196,0.23609
2_000120,214,12,420,218,0.31488
2_000180,396,12,241,417,0.19259
2_000180,533,45,20,58,0.19968
2_000180,99,12,405,216,0.21697
2_000180,319,81,55,157,0.20406
2_000180,36,245,251,221,0.15757
2_000180,34,15,317,310,0.13874
2_000180,325,167,313,299,0.1686
2_000180,239,229,310,236,0.14142
2_000240,444,41,23,49,0.021306
2_000240,506,45,67,103,0.12884
2_000240,219,12,341,317,0.28392
2_000240,395,12,239,359,0.13977
2_000240,290,163,53,149,0.2146
2_000240,34,61,348,344,0.16027
2_000240,242,250,395,216,0.18196
2_000240,37,259,286,207,0.13928
3_000000,38,12,256,279,0.15564
3_000000,536,60,58,103,0.089367
3_000000,37,81,348,385,0.14444
3_000000,238,12,363,377,0.32266
3_000000,37,176,253,167,0.14053
3_000000,236,389,19,23,0.053024
3_000000,306,111,330,355,0.29762
3_000000,359,12,275,144,0.13992
3_000060,37,12,157,454,0.34223
3_000060,518,89,68,93,0.018797
3_000060,228,12,272,355,0.35351
3_000060,392,12,243,233,0.029606
3_000060,129,12,157,340,0.23953
3_000060,291,95,345,371,0.14061
3_000060,213,402,20,24,0.043579
3_000060,142,95,293,370,0.13612
3_000120,186,12,340,288,0.14003
3_000120,37,12,205,454,0.14569
3_000120,168,138,39,50,0.070812
3_000120,108,93,201,367,0.14138
3_000120,326,25,307,299,0.14221
3_000120,544,227,81,93,0.17582
3_000120,241,122,393,343,0.13562
3_000120,288,267,347,199,0.22534
3_000180,150,12,484,202,0.14241
3_000180,37,12,194,397,0.31786
3_000180,550,77,79,94,0.1139
3_000180,444,72,47,86,0.0024851
3_000180,270,94,365,330,0.22552
3_000180,364,243,272,223,0.14328
3_000180,37,115,373,351,0.14242
3_000180,57,37,47,35,0.11042
3_000240,227,130,27,35,0.08619
3_000240,279,12,354,281,0.22775
3_000240,136,101,243,337,0.13967
3_000240,556,267,27,42,0.0022331
3_000240,452,224,183,242,0.13913
3_000240,290,131,344,334,0.21655
3_000240,37,255,288,211,0.15234
3_000240,36,12,384,300,0.14419
3_000300,155,112,46,87,0.10284
3_000300,213,12,225,292,0.13751
3_000300,301,12,332,312,0.20952
3_000300,36,12,236,341,0.25908
3_000300,486,207,44,84,0.0026573
3_000300,37,128,271,338,0.14544
3_000300,237,237,398,229,0.22838
3_000300,253,47,50,72,0.0018799
3_000360,451,90,43,67,0.0046435
3_000360,318,12,317,343,0.14243
3_000360,603,132,31,63,0.29625
3_000360,38,12,156,382,0.14619
3_000360,233,97,206,326,0.43103
3_000360,38,99,461,367,0.13875
3_000360,404,231,233,235,0.23599
3_000360,131,12,471,167,0.29042
3_000420,333,12,288,271,0.25056
3_000420,214,12,166,273,0.61218
3_000420,40,12,107,250,0.11355
3_000420,70,106,57,130,0.16489
3_000420,138,231,287,234,0.14231
3_000420,461,12,176,454,0.15493
3_000420,306,222,249,243,0.14353
3_000420,39,12,238,454,0.14968
3_000480,38,12,243,247,0.14715
3_000480,268,22,158,361,0.14017
3_000480,526,176,14,49,0.047626
3_000480,376,71,162,296,0.61449
3_000480,254,236,36,84,0.174
3_000480,37,153,263,313,0.14465
3_000480,88,222,550,244,0.14485
3_000480,222,12,415,344,0.14074
3_000540,372,12,262,190,0.24237
3_000540,107,65,349,385,0.13812
3_000540,38,12,364,183,0.14447
3_000540,392,73,244,330,0.14635
3_000540,154,154,157,277,0.6718
3_000540,39,106,312,360,0.14088
3_000540,39,173,40,229,0.10078
3_000600,347,12,290,290,0.60649
3_000600,216,12,166,316,0.23451
3_000600,199,165,43,98,0.28476
3_000600,336,38,302,337,0.13954
3_000600,38,12,216,293,0.14204
3_000600,38,282,251,184,0.22489
3_000600,171,12,62,39,0.2372
3_000660,238,29,96,76,0.014792
3_000660,35,12,429,241,0.14367
3_000660,36,61,330,210,0.14667
3_000660,39,214,354,252,0.21803
3_000660,347,97,286,369,0.17759
3_000660,197,288,359,178,0.13805
3_000660,177,46,71,57,0.11664
3_000720,459,12,61,63,0.21223
3_000720,380,12,259,388,0.15017
3_000720,273,12,266,324,0.14179
3_000720,34,12,285,454,0.30775
3_000720,113,12,348,453,0.13988
3_000720,36,373,70,44,0.19082
3_000720,400,265,238,201,0.29888
3_000720,194,26,62,77,0.19022
3_000780,37,12,196,233,0.77874
3_000780,308,12,219,379,0.14363
3_000780,497,283,31,20,0.01091
3_000780,82,178,315,288,0.18875
3_000780,481,86,156,380,0.20242
3_000780,39,12,280,454,0.2662
3_000780,529,396,62,58,0.048012
3_000780,371,12,267,453,0.14275
3_000840,148,12,416,431,0.13733
3_000840,37,12,260,419,0.24071
3_000840,487,12,148,370,0.35669
3_000840,413,165,222,301,0.14449
3_000840,290,65,221,362,0.14205
3_000840,381,411,28,32,0.091503
3_000840,38,225,430,241,0.21353
3_000840,180,53,39,31,0.0043154
3_000900,37,21,311,401,0.37514
3_000900,37,12,260,132,0.2057
3_000900,299,12,236,257,0.13945
3_000900,402,308,21,16,0.036165
3_000900,285,196,349,269,0.1416
3_000900,38,146,290,320,0.17528
3_000900,382,236,254,230,0.21499
3_000900,368,12,266,217,0.38233
3_000960,37,12,410,348,0.35503
3_000960,623,228,12,26,0.24223
3_000960,39,37,288,342,0.13789
3_000960,38,154,70,204,0.10977
3_000960,476,336,20,20,0.020596
3_000960,340,131,297,335,0.14993
3_000960,38,147,370,319,0.1559
3_000960,295,12,340,256,0.14755
3_001020,309,12,154,211,0.66275
3_001020,38,12,198,213,0.082118
3_001020,38,196,354,269,0.14021
3_001020,306,88,257,378,0.1794
3_001020,574,332,33,18,0.046086
3_001020,37,330,310,136,0.30699
3_001020,386,105,251,361,0.24076
3_001020,191,12,445,230,0.13968
4_000000,36,12,345,454,0.13653
4_000000,502,15,132,211,0.14055
4_000000,50,12,417,332,0.13638
4_000000,390,223,63,50,0.12368
4_000000,119,231,285,214,0.28296
4_000000,415,12,219,328,0.19744
4_000000,322,12,313,454,0.13828
4_000000,474,12,149,113,0.12948
4_000060,261,12,372,303,0.13958
4_000060,275,201,293,264,0.30142
4_000060,408,85,227,381,0.13651
4_000060,594,287,41,55,0.0038491
4_000060,37,90,228,376,0.18152
4_000060,376,365,43,61,0.32481
4_000060,145,112,273,353,0.13647
4_000060,37,12,311,309,0.14834
4_000120,265,12,370,214,0.14115
4_000120,355,124,280,342,0.17271
4_000120,36,137,245,298,0.13652
4_000120,161,12,315,426,0.13794
4_000120,602,424,33,42,0.49895
4_000120,36,336,352,130,0.27713
4_000120,167,428,98,37,0.0050998
4_000120,35,12,192,194,0.19192
4_000180,39,44,19,135,0.034956
4_000180,38,50,325,266,0.14057
4_000180,37,12,471,319,0.13957
4_000180,498,242,135,198,0.4162
4_000180,405,12,230,376,0.14337
4_000180,207,312,428,154,0.14252
4_000180,581,376,41,47,0.20134
4_000180,37,201,339,265,0.19737
4_000240,171,12,462,163,0.138
4_000240,38,12,398,453,0.15948
4_000240,190,65,312,276,0.13658
4_000240,406,61,229,331,0.13951
4_000240,220,187,415,279,0.2228
4_000240,541,255,71,64,0.075446
4_000240,604,304,30,54,0.11
4_000240,37,113,234,353,0.29845
4_000300,37,55,176,411,0.13624
4_000300,197,12,436,284,0.2326
4_000300,178,25,456,441,0.1365
4_000300,350,126,285,297,0.13665
4_000300,551,282,36,25,0.1641
4_000300,410,313,53,58,0.15726
4_000300,87,278,439,187,0.25264
4_000300,38,12,299,329,0.13739
4_000360,37,12,231,206,0.14407
4_000360,244,52,391,358,0.13576
4_000360,37,159,252,307,0.19739
4_000360,59,12,313,360,0.14415
4_000360,230,216,284,249,0.2134
4_000360,334,217,301,249,0.13789
4_000360,365,437,8,12,0.33726
4_000360,347,12,287,213,0.14098
4_000420,255,12,379,232,0.2365
4_000420,331,93,304,263,0.1372
4_000420,144,80,282,385,0.13541
4_000420,308,223,328,243,0.15128
4_000420,261,333,10,18,0.40137
4_000420,262,229,257,236,0.19077
4_000420,37,177,260,289,0.31824
4_000420,37,12,290,208,0.14636
4_000480,189,12,446,234,0.13809
4_000480,37,12,261,276,0.14398
4_000480,380,28,255,252,0.13743
4_000480,380,118,16,84,0.36618
4_000480,113,129,312,239,0.13749
4_000480,385,111,250,274,0.20147
4_000480,366,281,270,185,0.14432
4_000480,36,270,357,196,0.1513
4_000540,226,37,289,428,0.13598
4_000540,357,31,278,345,0.137
4_000540,37,12,284,233,0.14939
4_000540,36,183,286,283,0.14292
4_000540,408,304,32,25,0.2974
4_000540,93,127,200,316,0.18567
4_000540,382,229,253,237,0.20239
4_000540,290,12,343,195,0.13704
5_000000,35,12,338,194,0.13877
5_000000,301,12,330,289,0.31598
5_000000,36,154,296,312,0.13942
5_000000,37,139,438,327,0.13855
5_000000,282,348,133,102,0.6797
5_000000,157,279,479,187,0.13859
5_000000,283,392,44,52,0.49165
5_000000,131,27,501,347,0.13735
5_000060,199,48,347,266,0.13522
5_000060,34,12,405,291,0.13747
5_000060,570,182,23,22,0.0311
5_000060,437,12,195,370,0.1816
5_000060,160,167,325,298,0.19409
5_000060,36,264,320,202,0.039409
5_000060,390,282,247,184,0.19527
5_000060,133,12,364,202,0.13742
5_000120,37,12,363,454,0.14455
5_000120,36,12,230,259,0.1459
5_000120,284,181,143,140,0.32004
5_000120,104,205,454,261,0.14096
5_000120,359,111,279,320,0.14481
5_000120,288,199,143,129,0.6129
5_000120,300,12,332,177,0.21881
5_000180,36,12,255,371,0.14621
5_000180,272,12,360,279,0.43042
5_000180,241,212,99,71,0.14901
5_000180,180,142,455,324,0.13937
5_000180,315,222,60,93,0.48925
5_000180,241,251,134,98,0.62285
5_000180,37,239,406,227,0.1444
5_000180,174,201,433,265,0.13737
5_000240,436,12,196,227,0.36072
5_000240,36,12,367,332,0.14769
5_000240,238,206,107,92,0.076707
5_000240,250,206,387,260,0.14614
5_000240,242,248,98,100,0.55543
5_000240,259,215,121,137,0.69674
5_000240,37,261,362,205,0.14356
5_000240,253,12,353,270,0.13889
5_000300,359,175,91,144,0.5147
5_000300,372,109,213,221,0.22904
5_000300,370,137,199,188,0.69307
5_000300,39,158,132,308,0.19209
5_000300,143,136,285,329,0.21661
5_000300,38,12,274,266,0.1571
5_000360,376,12,257,96,0.21394
5_000360,256,201,74,52,0.3564
5_000360,205,152,140,191,0.17154
5_000360,221,165,175,179,0.76278
5_000360,39,12,313,454,0.15396
5_000360,75,149,540,317,0.13993
5_000420,36,12,478,203,0.14318
5_000420,38,83,355,245,0.1387
5_000420,310,173,327,293,0.14051
5_000420,224,250,124,147,0.29632
5_000420,303,263,68,113,0.56983
5_000420,38,249,532,217,0.1432
5_000420,250,277,123,124,0.50045
5_000420,458,12,174,290,0.49891
5_000480,308,12,325,454,0.13472
5_000480,379,12,252,276,0.313
5_000480,37,47,338,404,0.1427
5_000480,179,272,115,112,0.53052
5_000480,257,268,50,94,0.55378
5_000480,37,196,514,270,0.13708
5_000480,346,392,253,74,0.2732
5_000480,35,12,335,184,0.13899
5_000540,396,40,242,331,0.1453
5_000540,273,121,165,78,0.21003
5_000540,270,144,169,143,0.71638
5_000540,38,12,346,305,0.14071
5_000540,154,12,404,405,0.14258
5_000540,38,128,185,338,0.10617
5_000540,435,12,197,101,0.25725
5_000600,367,12,272,405,0.14657
5_000600,352,135,173,138,0.13553
5_000600,346,196,115,115,0.50102
5_000600,203,12,239,453,0.15149
5_000600,361,164,157,141,0.53802
5_000600,37,93,149,373,0.048681
5_000600,38,12,265,278,0.14942
5_000660,212,12,420,169,0.49208
5_000660,36,12,275,454,0.1628
5_000660,315,172,165,86,0.11138
5_000660,130,12,296,453,0.14094
5_000660,348,196,129,139,0.58233
5_000660,294,127,345,288,0.1428
5_000660,312,228,89,106,0.51182
5_000720,67,12,361,344,0.13925
5_000720,166,95,468,248,0.13814
5_000720,378,255,260,211,0.14528
5_000720,36,12,297,415,0.212
5_000720,281,314,82,99,0.53805
5_000720,301,288,130,128,0.59574
5_000720,38,320,392,146,0.14177
5_000720,342,12,290,267,0.26924
6_000000,37,12,241,177,0.21755
6_000000,38,79,461,387,0.22852
6_000000,122,119,514,259,0.13682
6_000000,218,238,82,89,0.42208
6_000000,254,217,109,119,0.68654
6_000000,164,210,473,196,0.13984
6_000000,227,12,405,236,0.19036
6_000060,455,12,177,277,0.53918
6_000060,81,12,366,372,0.14475
6_000060,36,12,348,454,0.14298
6_000060,245,307,101,98,0.5322
6_000060,278,280,109,119,0.62823
6_000060,127,192,510,273,0.14316
6_000060,273,12,291,232,0.14091
6_000120,387,12,245,165,0.24373
6_000120,37,73,346,393,0.14224
6_000120,228,128,151,115,0.70945
6_000120,167,28,469,315,0.1392
6_000120,542,289,45,30,0.13307
6_000120,76,262,279,204,0.17345
6_000120,38,12,350,98,0.23471
6_000180,94,90,326,206,0.1374
6_000180,306,12,326,341,0.28142
6_000180,35,12,329,384,0.15178
6_000180,129,212,482,229,0.13821
6_000180,258,323,132,93,0.70199
6_000180,547,379,26,23,0.017657
6_000180,38,345,468,121,0.13975
6_000240,40,12,208,363,0.20206
6_000240,77,112,169,83,0.15695
6_000240,246,12,388,384,0.28126
6_000240,82,171,99,92,0.43813
6_000240,203,41,317,318,0.14477
6_000240,119,144,127,137,0.70357
6_000240,41,174,340,292,0.14799
6_000300,191,106,144,135,0.73274
6_000300,402,39,180,358,0.1431
6_000300,157,12,352,323,0.13823
6_000300,348,12,285,454,0.37229
6_000300,38,12,249,453,0.13978
6_000300,242,217,370,249,0.19212
6_000300,39,172,165,294,0.057086
6_000300,180,84,140,127,0.45807
6_000360,372,12,259,322,0.30731
6_000360,450,65,183,401,0.13683
6_000360,37,118,444,297,0.13858
6_000360,199,256,74,95,0.54335
6_000360,148,255,114,107,0.48022
6_000360,37,242,300,224,0.024313
6_000360,311,389,277,77,0.43712
6_000360,36,12,389,241,0.14384
6_000420,48,12,407,203,0.13982
6_000420,35,12,238,249,0.13777
6_000420,387,12,245,420,0.3209
6_000420,169,130,396,321,0.13935
6_000420,284,276,71,100,0.5284
6_000420,237,323,83,58,0.618
6_000420,36,196,380,270,0.14104
6_000480,278,12,354,257,0.38605
6_000480,36,12,245,430,0.20982
6_000480,261,224,158,152,0.36823
6_000480,291,250,125,132,0.6244
6_000480,350,180,288,286,0.1493
6_000480,37,399,43,67,0.38147
6_000480,70,217,354,249,0.14
6_000480,138,32,366,241,0.1409
7_000000,211,12,422,454,0.1365
7_000000,36,12,263,225,0.14961
7_000000,409,12,222,284,0.33356
7_000000,37,114,452,352,0.13877
7_000000,183,288,82,50,0.33043
7_000000,180,300,89,84,0.53193
7_000000,228,272,91,108,0.4974
7_000000,60,260,498,205,0.14005
7_000060,444,12,188,208,0.20143
7_000060,38,12,180,454,0.11549
7_000060,248,149,169,114,0.1161
7_000060,168,12,293,260,0.14358
7_000060,240,199,100,76,0.49334
7_000060,247,188,163,134,0.69072
7_000060,328,92,311,374,0.14947
7_000060,90,150,453,315,0.14129
7_000120,313,144,188,129,0.25356
7_000120,38,12,350,273,0.1513
7_000120,311,177,184,153,0.75546
7_000120,77,318,34,55,0.53769
7_000120,38,152,299,314,0.14839
7_000120,114,258,502,208,0.14597
7_000120,234,12,399,157,0.25211
7_000180,291,107,9,36,0.0020497
7_000180,164,12,468,170,0.13634
7_000180,282,22,354,370,0.14484
7_000180,36,184,335,282,0.14206
7_000180,35,12,353,437,0.14657
7_000180,329,220,308,246,0.17044
7_000180,37,394,11,19,0.059043
7_000180,356,399,148,66,0.74256
7_000240,35,12,145,231,0.064518
7_000240,174,161,8,29,0.0013649
7_000240,154,12,328,207,0.13718
7_000240,103,12,347,353,0.13616
7_000240,37,197,246,269,0.14594
7_000240,218,228,378,238,0.24277
7_000240,448,12,184,398,0.32647
7_000240,398,12,234,454,0.17445
7_000300,322,12,311,376,0.29373
7_000300,34,41,385,222,0.13525
7_000300,36,150,21,49,0.0028379
7_000300,35,137,222,329,0.13832
7_000300,129,192,488,188,0.13782
7_000300,323,237,314,229,0.24072
7_000300,95,318,473,148,0.35604
7_000300,174,12,430,166,0.13638
7_000360,36,12,223,292,0.1565
7_000360,387,12,246,346,0.36203
7_000360,39,247,390,219,0.14971
7_000360,165,12,353,375,0.13879
7_000360,376,110,262,356,0.17316
7_000360,362,359,46,95,0.3651
7_000360,364,327,131,138,0.70293
7_000360,43,12,337,262,0.1416
7_000420,51,12,273,248,0.14401
7_000420,410,12,227,308,0.3241
7_000420,78,176,560,290,0.1405
7_000420,317,229,157,173,0.136
7_000420,37,12,296,454,0.16687
7_000420,302,259,50,131,0.52647
7_000420,313,271,146,133,0.67568
7_000420,239,12,236,265,0.14489
7_000480,110,12,396,232,0.17638
7_000480,423,12,210,454,0.40554
7_000480,218,181,141,141,0.66398
7_000480,43,84,445,382,0.14457
7_000480,233,144,153,189,0.16014
7_000480,40,12,206,439,0.19409
7_000480,208,178,51,144,0.66874
7_000480,272,193,316,273,0.23753
7_000540,39,12,384,258,0.19471
7_000540,40,51,260,415,0.1395
7_000540,82,246,341,219,0.1397
7_000540,393,177,238,218,0.26813
7_000540,346,224,286,242,0.13499
7_000540,69,314,145,134,0.61624
7_000540,63,309,77,140,0.626
7_000540,303,12,259,297,0.19238
7_000600,426,12,205,307,0.43575
7_000600,68,12,343,453,0.13941
7_000600,198,12,293,337,0.13899
7_000600,36,12,161,454,0.14889
7_000600,182,223,271,242,0.16414
7_000600,381,192,251,274,0.17416
7_000600,566,441,15,20,0.043559
7_000600,217,442,102,23,0.64323
7_000660,187,12,236,236,0.14259
7_000660,380,12,252,271,0.16774
7_000660,105,70,402,340,0.13806
7_000660,504,131,128,335,0.30524
7_000660,282,251,80,38,0.55894
7_000660,258,281,121,118,0.77141
7_000660,39,266,550,200,0.14242
7_000660,37,12,227,327,0.17302
7_000720,37,12,310,395,0.14761
7_000720,146,12,327,264,0.14276
7_000720,282,272,83,35,0.56235
7_000720,481,154,151,312,0.45111
7_000720,278,241,309,225,0.13786
7_000720,261,298,121,117,0.77475
7_000720,38,249,323,217,0.13887
7_000720,409,12,223,267,0.1685
7_000780,35,55,320,221,0.1409
7_000780,295,95,337,371,0.14872
7_000780,453,114,179,276,0.35251
7_000780,36,210,283,256,0.14014
7_000780,129,122,413,343,0.14086
7_000780,245,342,82,110,0.5582
7_000780,203,360,86,92,0.51361
7_000780,35,12,595,218,0.14536
8_000000,371,12,264,312,0.15166
8_000000,36,12,384,200,0.16489
8_000000,118,77,344,235,0.13772
8_000000,416,224,23,32,0.5119
8_000000,36,151,240,315,0.23736
8_000000,99,179,305,287,0.13856
8_000000,316,266,35,34,0.50633
8_000000,295,254,344,212,0.14473
8_000060,36,12,318,235,0.14669
8_000060,302,241,55,34,0.42251
8_000060,330,65,305,253,0.20273
8_000060,273,236,92,95,0.5958
8_000060,498,258,140,149,0.057117
8_000060,37,181,285,285,0.14869
8_000060,117,12,517,317,0.14311
8_000120,234,86,189,189,0.1528
8_000120,405,12,234,277,0.23309
8_000120,328,139,103,133,0.5577
8_000120,39,88,169,378,0.050658
8_000120,93,60,362,405,0.13894
8_000120,300,158,125,123,0.71824
8_000120,39,12,515,164,0.3105
8_000180,37,12,207,325,0.15707
8_000180,353,12,282,278,0.18858
8_000180,283,247,85,49,0.56192
8_000180,336,166,301,205,0.18513
8_000180,215,281,148,71,0.66448
8_000180,38,173,350,293,0.14072
8_000180,176,12,390,177,0.19317
8_000240,327,41,22,38,0.0019907
8_000240,35,12,492,278,0.14881
8_000240,93,14,72,131,0.13214
8_000240,270,12,364,192,0.34816
8_000240,37,172,351,294,0.15419
8_000240,278,133,357,232,0.31987
8_000240,492,12,48,39,0.11669
8_000300,142,12,495,241,0.18827
8_000300,350,177,86,77,0.50725
8_000300,191,89,266,331,0.19984
8_000300,39,270,171,142,0.052818
8_000300,41,186,308,280,0.20191
8_000300,37,12,358,315,0.25082
8_000360,221,12,313,196,0.17897
8_000360,360,12,278,294,0.2055
8_000360,446,12,193,454,0.22002
8_000360,180,222,271,243,0.42278
8_000360,249,152,316,313,0.19259
8_000360,198,12,54,137,0.26667
8_000420,234,12,355,228,0.21898
8_000420,243,53,219,412,0.14818
8_000420,77,12,248,453,0.13934
8_000420,173,105,213,360,0.14096
8_000420,48,410,55,19,0.032686
8_000420,36,12,169,454,0.38405
8_000480,36,12,375,214,0.14568
8_000480,338,12,195,281,0.16514
8_000480,38,92,337,279,0.14211
8_000480,38,163,241,303,0.15217
8_000480,369,362,229,26,0.4676
8_000540,114,12,519,334,0.13657
8_000540,34,12,396,338,0.18226
8_000540,330,126,305,261,0.16091
8_000540,36,143,205,323,0.13822
8_000540,142,210,212,255,0.16172
8_000540,255,315,32,33,0.49126
8_000540,211,304,425,162,0.13873
8_000540,106,12,506,138,0.2589
8_000600,477,12,64,52,0.015361
8_000600,366,12,267,363,0.17454
8_000600,35,12,495,225,0.14574
8_000600,70,157,281,308,0.13745
8_000600,36,116,137,350,0.1485
8_000600,223,141,412,288,0.13728
8_000600,235,300,118,88,0.79006
8_000600,249,351,386,115,0.13787
8_000660,515,12,80,78,0.10492
8_000660,36,12,494,206,0.15705
8_000660,272,62,269,217,0.14168
8_000660,471,12,163,319,0.37747
8_000660,176,304,57,64,0.67349
8_000660,186,315,428,151,0.13885
8_000660,37,148,285,318,0.26645
8_000660,223,127,413,339,0.183
8_000720,149,12,473,291,0.17659
8_000720,159,194,143,271,0.35564
8_000720,39,12,255,453,0.085241
8_000720,427,396,108,69,0.57271
8_000720,180,328,391,137,0.14167
8_000720,242,12,110,59,0.051204
8_000780,308,271,67,96,0.18057
8_000780,378,267,52,104,0.13365
8_000780,461,279,73,95,0.17305
8_000780,403,228,231,238,0.31659
8_000780,34,53,357,412,0.14053
8_000780,36,207,487,259,0.17193
8_000840,38,109,218,357,0.072661
8_000840,204,249,5,6,0.081118
8_000840,250,12,375,453,0.31114
8_000840,357,186,194,279,0.17789
8_000840,158,12,280,453,0.34964
8_000840,37,12,346,201,0.30071
8_000900,258,109,22,42,0.31043
8_000900,294,12,275,373,0.18948
8_000900,41,183,337,283,0.15668
8_000900,39,12,325,274,0.19217
8_000900,204,382,53,83,0.28037
8_000900,278,12,358,176,0.14125
8_000960,355,49,24,27,0.62153
8_000960,38,12,368,344,0.14968
8_000960,341,12,297,345,0.18357
8_000960,74,109,401,319,0.14714
8_000960,437,318,34,51,0.038951
8_000960,41,209,353,257,0.18265
8_000960,39,12,28,43,0.13333
8_001020,40,16,179,99,0.13333
8_001020,315,54,99,53,0.15458
8_001020,45,47,366,149,0.28808
8_001020,226,12,409,372,0.21853
8_001020,40,182,198,284,0.13333
8_001020,235,272,397,194,0.20183
8_001020,162,12,181,48,0.25858
8_001080,404,177,75,52,0.19816
8_001080,329,184,70,77,0.13696
8_001080,103,239,89,54,0.27653
8_001080,35,162,598,282,0.13588
8_001080,263,303,190,50,0.58195
8_001080,36,288,598,178,0.18421
9_000000,36,12,304,228,0.15445
9_000000,256,12,379,284,0.30698
9_000000,40,150,91,134,0.47568
9_000000,230,193,396,159,0.15838
9_000000,36,150,257,316,0.22224
9_000000,79,312,344,154,0.14475
9_000000,210,12,303,211,0.24065
9_000060,179,12,455,225,0.32583
9_000060,204,211,77,91,0.37467
9_000060,277,222,52,72,0.21388
9_000060,38,235,193,96,0.128
9_000060,259,149,334,316,0.14868
9_000060,42,260,337,206,0.23038
9_000060,37,12,452,239,0.17715
9_000120,39,12,421,187,0.23864
9_000120,268,40,370,345,0.14053
9_000120,180,156,186,209,0.23922
9_000120,246,222,351,244,0.17166
9_000120,37,90,232,298,0.13958
9_000120,44,318,384,148,0.17803
9_000120,184,12,451,214,0.4362
9_000180,36,48,181,219,0.15272
9_000180,92,110,253,208,0.29335
9_000180,196,12,436,206,0.35681
9_000180,290,166,242,113,0.19282
9_000180,348,104,291,327,0.2158
9_000180,41,222,132,244,0.13333
9_000180,42,12,450,146,0.16908
9_000240,35,12,489,260,0.15301
9_000240,542,12,95,314,0.27324
9_000240,38,37,114,175,0.31703
9_000240,250,109,300,155,0.48765
9_000240,137,158,225,171,0.21343
9_000240,41,192,187,217,0.06624
9_000240,42,233,566,233,0.1449
9_000300,276,12,361,343,0.34245
9_000300,134,142,173,107,0.4233
9_000300,272,204,205,158,0.13569
9_000300,172,153,138,104,0.47208
9_000300,181,207,107,98,0.23036
9_000300,40,237,305,229,0.041735
9_000300,36,12,420,318,0.15016
9_000360,360,12,272,216,0.062799
9_000360,131,113,123,130,0.42363
9_000360,316,211,319,167,0.38986
9_000360,36,144,311,278,0.15176
9_000360,297,288,157,122,0.29424
9_000360,40,325,338,141,0.042301
9_000360,35,12,490,242,0.23615
9_000420,136,12,345,222,0.19139
9_000420,35,12,250,357,0.19217
9_000420,170,15,463,311,0.274
9_000420,436,240,201,226,0.14373
9_000420,192,292,85,109,0.34039
9_000420,97,289,105,133,0.31287
9_000420,125,259,374,206,0.13667
9_000420,40,334,117,132,0.10156
9_000480,37,54,256,312,0.31939
9_000480,523,264,48,73,0.45267
9_000480,58,319,28,22,0.34738
9_000480,39,250,379,216,0.3157
9_000480,358,189,277,277,0.28995
9_000540,35,12,76,88,0.53728
9_000540,37,12,336,242,0.19538
9_000540,211,98,283,343,0.25309
9_000540,406,223,62,64,0.016149
9_000540,42,147,280,319,0.13333
9_000540,252,287,250,178,0.13333
9_000600,42,12,194,159,0.21288
9_000600,57,12,578,297,0.34888
9_000600,39,103,125,328,0.43663
9_000600,42,126,545,340,0.14253
9_000600,81,270,212,195,0.12972
9_000600,143,12,175,148,0.39991
9_000660,45,12,237,333,0.21279
9_000660,244,61,359,288,0.068095
9_000660,35,336,433,130,0.52324
9_000660,39,338,154,89,0.50108
9_000660,165,224,120,200,0.35895
9_000660,312,298,325,168,0.16621
9_000660,91,12,416,273,0.13449
9_000720,47,12,425,229,0.13333
9_000720,190,199,59,61,0.33708
9_000720,129,76,506,340,0.38682
9_000720,41,52,372,414,0.25095
9_000720,189,328,200,137,0.22102
9_000720,144,379,146,86,0.023652
9_000720,233,12,402,259,0.30902
