10_000000,36,12,317,275,0.25937
10_000000,38,233,526,119,0.25103
10_000000,364,142,274,324,0.24736
10_000000,201,313,264,73,0.42283
10_000000,35,304,246,162,0.21846
10_000000,213,341,297,109,0.60104
10_000000,156,399,215,66,0.20534
10_000000,248,12,289,256,0.21521
10_000060,36,12,404,228,0.21403
10_000060,585,120,48,176,0.4
10_000060,38,139,581,190,0.21431
10_000060,197,296,213,75,0.40506
10_000060,34,316,280,150,0.21153
10_000060,244,287,313,145,0.5865
10_000060,207,12,380,226,0.21207
10_000120,173,12,350,279,0.22614
10_000120,291,12,347,261,0.25602
10_000120,37,12,263,306,0.21952
10_000120,297,343,307,68,0.20817
10_000120,527,341,108,73,0.40655
10_000120,34,377,350,89,0.072804
10_000120,284,376,350,90,0.60432
10_000180,198,128,197,78,0.42469
10_000180,35,127,338,170,0.25188
10_000180,203,125,390,193,0.64586
10_000180,117,216,255,127,0.20837
10_000180,40,271,511,195,0.2
10_000240,303,12,335,353,0.22728
10_000240,239,12,335,287,0.24043
10_000240,509,104,123,141,0.6254
10_000240,166,215,446,250,0.25623
10_000240,279,298,51,79,0.19435
10_000240,64,12,246,278,0.38797
10_000300,223,12,312,174,0.62291
10_000300,398,12,238,333,0.33959
10_000300,167,12,336,429,0.23269
10_000300,207,139,431,326,0.38309
10_000300,125,12,258,396,0.23845
10_000300,32,328,199,138,0.42631
10_000300,431,401,201,65,0.70202
10_000360,403,12,235,305,0.2274
10_000360,205,12,200,407,0.3125
10_000360,279,12,190,453,0.33139
10_000360,567,318,65,99,0.68383
10_000360,485,369,149,97,0.44436
10_000360,101,12,147,373,0.40625
10_000420,276,37,44,94,0.40047
10_000420,313,12,325,171,0.20013
10_000420,33,52,287,378,0.21447
10_000420,479,265,154,104,0.71842
10_000420,235,214,327,156,0.247
10_000420,138,283,499,183,0.37213
10_000420,40,388,570,78,0.0767
10_000480,37,12,298,173,0.21663
10_000480,93,12,497,152,0.22453
10_000480,38,150,590,108,0.23444
10_000480,471,233,166,130,0.25978
10_000480,169,239,321,79,0.43311
10_000480,35,247,332,155,0.20818
10_000480,222,271,323,111,0.51814
10_000540,38,43,600,141,0.21948
10_000540,516,127,119,112,0.34909
10_000540,35,160,311,165,0.21585
10_000540,274,146,353,129,0.65874
10_000540,231,215,204,99,0.26707
10_000540,38,246,330,220,0.20967
10_000540,41,12,595,111,0.090251
10_000600,100,12,355,238,0.25978
10_000600,453,171,49,52,0.53372
10_000600,587,199,46,116,0.09476
10_000600,38,174,306,237,0.36227
10_000600,36,12,454,321,0.21827
10_000600,39,304,506,162,0.40278
10_000600,181,217,454,249,0.41662
10_000660,38,12,236,191,0.38824
10_000660,541,12,95,250,0.085135
10_000660,420,195,129,57,0.48145
10_000660,40,188,278,123,0.36786
10_000660,34,149,516,261,0.33931
10_000660,44,327,443,139,0.070343
10_000720,37,63,435,207,0.23426
10_000720,39,245,519,115,0.36815
10_000720,35,241,599,225,0.38301
10_000720,188,371,135,73,0.36569
10_000720,117,401,333,64,0.48371
10_000720,36,12,461,238,0.25503
10_000780,36,12,282,324,0.23665
10_000780,338,117,52,45,0.4
10_000780,42,83,329,212,0.2112
10_000780,517,181,114,71,0.4898
10_000780,39,240,397,198,0.30341
10_000780,36,120,598,346,0.29802
11_000000,33,12,138,138,0.51425
11_000000,363,19,269,278,0.44734
11_000000,131,278,65,52,0.26772
11_000000,39,12,416,425,0.2068
11_000000,230,303,107,135,0.18113
11_000000,258,259,375,207,0.41038
11_000000,35,288,485,178,0.48758
11_000000,114,12,235,332,0.24103
11_000060,243,12,387,150,0.45692
11_000060,38,12,327,453,0.20729
11_000060,37,124,237,248,0.32877
11_000060,270,200,81,137,0.33944
11_000060,341,115,292,351,0.24149
11_000060,200,221,299,244,0.37248
11_000060,35,386,157,80,0.19701
11_000060,34,32,52,102,0.40246
11_000120,412,77,43,48,0.28145
11_000120,370,86,265,374,0.20575
11_000120,33,12,224,336,0.20453
11_000120,74,12,556,225,0.23603
11_000120,225,144,375,321,0.21452
11_000120,413,321,220,145,0.12128
11_000120,34,288,295,178,0.45407
11_000120,505,22,49,53,0.24035
11_000180,76,12,555,237,0.45234
11_000180,529,144,54,43,0.35151
11_000180,145,93,487,227,0.20158
11_000180,102,215,64,70,0.14854
11_000180,429,228,206,238,0.051514
11_000180,184,248,275,217,0.22524
11_000180,36,181,194,285,0.2
11_000240,109,14,318,451,0.20324
11_000240,41,12,141,138,0.26285
11_000240,33,12,78,236,0.50165
11_000240,135,85,199,317,0.56491
11_000240,251,12,381,290,0.76886
11_000240,297,163,337,303,0.27031
11_000240,38,145,299,320,0.20776
11_000240,34,363,154,103,0.3318
11_000300,34,12,303,224,0.20564
11_000300,50,95,216,296,0.2234
11_000300,275,32,361,292,0.51203
11_000300,36,251,359,215,0.30233
11_000300,164,424,21,36,0.34862
11_000300,356,307,279,159,0.14524
11_000300,197,12,439,239,0.20966
11_000360,315,12,322,289,0.35581
11_000360,254,187,90,99,0.19666
11_000360,34,12,232,406,0.51422
11_000360,329,247,53,76,0.064278
11_000360,130,74,508,332,0.20542
11_000360,330,160,305,306,0.22845
11_000360,35,280,337,186,0.27911
11_000360,181,12,371,196,0.21419
11_000420,215,176,135,150,0.18886
11_000420,34,12,190,350,0.46799
11_000420,280,59,214,257,0.65898
11_000420,225,185,95,100,0.46889
11_000420,93,41,484,374,0.20844
11_000420,35,251,275,215,0.28511
11_000420,276,141,360,325,0.19009
11_000420,175,12,463,194,0.22944
11_000480,179,63,282,271,0.58408
11_000480,136,234,106,85,0.29016
11_000480,112,179,256,191,0.19793
11_000480,44,123,471,342,0.22341
11_000480,36,268,130,198,0.47892
11_000480,297,172,339,294,0.6105
11_000480,43,12,315,185,0.092527
11_000540,144,37,277,368,0.26002
11_000540,34,12,202,165,0.42148
11_000540,39,12,315,297,0.20499
11_000540,40,108,426,357,0.20606
11_000540,233,317,353,149,0.49145
11_000540,359,82,274,384,0.66719
11_000540,35,342,126,124,0.32057
11_000540,326,12,303,79,0.45261
11_000600,39,12,405,453,0.2168
11_000600,96,77,299,334,0.61321
11_000600,207,50,316,390,0.2093
11_000600,34,12,271,189,0.4833
11_000600,369,12,264,454,0.21485
11_000600,597,281,27,35,0.24412
11_000600,35,337,100,129,0.32495
11_000600,265,306,354,160,0.30243
11_000660,39,23,309,423,0.22367
11_000660,33,12,264,224,0.46357
11_000660,187,34,272,366,0.2429
11_000660,335,12,298,379,0.3599
11_000660,276,312,358,154,0.15458
11_000660,39,141,448,324,0.20396
11_000660,35,368,79,98,0.34029
11_000660,503,64,70,52,0.23814
11_000720,202,12,428,166,0.13634
11_000720,34,12,307,231,0.21617
11_000720,300,102,336,363,0.20381
11_000720,164,181,351,284,0.21173
11_000720,247,312,54,94,0.2307
11_000720,35,188,208,278,0.36566
11_000720,411,316,222,150,0.17565
11_000720,491,18,119,103,0.24451
12_000000,36,12,285,297,0.22559
12_000000,165,12,305,453,0.20656
12_000000,38,156,146,310,0.29863
12_000000,139,294,107,121,0.5841
12_000000,132,292,66,130,0.18477
12_000000,198,169,435,297,0.2076
12_000000,476,424,23,41,0.037971
12_000000,428,12,205,366,0.43079
12_000060,506,12,127,43,0.26671
12_000060,37,12,248,248,0.061973
12_000060,184,89,418,376,0.20653
12_000060,39,77,189,389,0.40789
12_000060,173,224,127,115,0.48001
12_000060,340,46,295,420,0.21184
12_000060,181,298,85,59,0.51921
12_000060,262,12,297,200,0.21845
12_000120,40,12,373,385,0.20854
12_000120,311,12,324,285,0.36986
12_000120,73,199,159,114,0.13849
12_000120,77,242,154,123,0.47165
12_000120,90,309,75,61,0.49979
12_000120,440,219,196,247,0.22117
12_000120,41,212,450,254,0.2117
12_000120,39,12,265,206,0.25616
12_000180,40,12,305,267,0.28071
12_000180,41,47,180,419,0.22058
12_000180,269,12,303,281,0.26329
12_000180,70,176,212,209,0.41513
12_000180,152,208,486,257,0.21932
12_000180,141,245,117,124,0.42364
12_000180,418,12,219,267,0.21975
12_000240,130,17,162,140,0.51028
12_000240,225,100,64,86,0.46667
12_000240,103,92,140,115,0.31528
12_000240,100,12,527,275,0.21088
12_000240,42,12,264,454,0.25299
12_000240,221,196,269,269,0.22478
12_000240,81,14,132,168,0.1903
12_000300,77,103,29,41,0.45867
12_000300,41,12,390,333,0.22296
12_000300,269,12,303,289,0.21474
12_000300,505,12,128,235,0.45055
12_000300,35,146,79,116,0.54608
12_000300,39,109,272,357,0.21572
12_000300,305,247,329,219,0.29891
12_000300,234,173,401,292,0.21305
12_000360,42,12,234,216,0.22935
12_000360,230,113,129,108,0.18444
12_000360,305,115,125,144,0.55613
12_000360,255,173,129,105,0.64784
12_000360,41,176,307,290,0.27018
12_000360,282,283,295,182,0.2808
12_000360,241,12,354,202,0.093337
12_000420,41,12,464,218,0.41641
12_000420,39,150,107,121,0.023527
12_000420,85,151,128,140,0.32532
12_000420,47,232,162,92,0.59029
12_000420,480,12,156,454,0.35506
12_000420,336,93,280,372,0.21083
12_000420,66,128,387,337,0.21259
12_000420,41,268,239,198,0.25748
12_000480,36,12,597,191,0.47434
12_000480,570,76,22,27,0.19286
12_000480,296,25,340,264,0.21042
12_000480,38,92,363,334,0.2751
12_000480,41,292,379,174,0.22009
12_000480,346,372,78,56,0.24285
12_000480,319,222,320,244,0.43008
12_000480,353,450,41,15,0.18406
12_000540,36,12,303,173,0.074228
12_000540,207,28,282,244,0.20801
12_000540,291,57,345,394,0.21741
12_000540,200,183,436,283,0.24747
12_000540,205,343,105,75,0.53895
12_000540,397,384,33,17,0.014824
12_000540,38,111,274,355,0.22184
12_000540,330,12,302,178,0.47117
12_000600,38,12,207,407,0.30853
12_000600,483,12,149,329,0.65052
12_000600,564,87,51,40,0.27347
12_000600,136,21,233,368,0.21544
12_000600,234,167,315,259,0.2054
12_000600,39,290,508,176,0.23194
12_000600,529,337,103,129,0.36252
12_000600,242,12,284,324,0.27175
12_000660,36,12,359,183,0.32085
12_000660,458,69,178,397,0.23391
12_000660,367,12,220,426,0.21103
12_000660,156,60,451,406,0.20578
12_000660,206,231,106,129,0.56985
12_000660,236,248,91,102,0.52129
12_000660,37,96,228,370,0.21601
12_000660,528,12,105,63,0.28298
12_000720,321,12,233,318,0.20645
12_000720,593,12,39,70,0.24021
12_000720,336,12,299,350,0.20837
12_000720,36,12,352,243,0.20754
12_000720,37,95,225,222,0.15566
12_000720,37,207,278,259,0.21215
12_000720,250,238,117,123,0.53376
12_000720,284,254,353,212,0.21539
12_000780,167,12,330,453,0.20823
12_000780,123,236,111,141,0.53717
12_000780,136,244,115,127,0.58374
12_000780,476,156,159,310,0.21284
12_000780,38,81,148,385,0.21251
12_000780,286,12,347,453,0.33251
12_000780,494,375,61,90,0.055954
12_000780,37,12,354,335,0.28661
12_000840,519,12,114,79,0.30892
12_000840,437,84,199,382,0.20929
12_000840,147,218,142,152,0.56212
12_000840,39,43,170,423,0.22308
12_000840,178,244,111,124,0.49645
12_000840,186,12,443,454,0.21721
12_000840,291,12,322,437,0.21746
12_000840,37,12,264,229,0.21594
13_000000,37,12,345,186,0.19602
13_000000,177,48,125,119,0.48741
13_000000,44,105,565,360,0.21134
13_000000,94,216,42,51,0.026409
13_000000,237,24,349,280,0.2105
13_000000,296,253,327,157,0.28483
13_000000,38,151,249,315,0.26584
13_000060,172,83,75,105,0.014107
13_000060,197,44,321,253,0.20424
13_000060,289,152,130,88,0.33904
13_000060,38,69,194,325,0.31
13_000060,386,48,252,324,0.2311
13_000060,132,202,310,242,0.22076
13_000060,35,12,464,158,0.63447
13_000120,213,47,376,267,0.20449
13_000120,346,152,120,85,0.52327
13_000120,423,78,216,277,0.26636
13_000120,36,80,258,371,0.32226
13_000120,38,298,106,87,0.023162
13_000120,40,222,469,244,0.21508
13_000120,34,12,598,158,0.41182
13_000180,34,12,493,178,0.40934
13_000180,440,12,198,310,0.23596
13_000180,364,97,115,88,0.52232
13_000180,37,92,279,308,0.29772
13_000180,38,272,168,110,0.21175
13_000180,40,238,438,228,0.21886
13_000180,235,12,321,187,0.20304
13_000240,89,73,299,116,0.2577
13_000240,245,23,389,275,0.20743
13_000240,296,172,56,74,0.44905
13_000240,40,124,286,341,0.2112
13_000240,264,86,373,359,0.21919
13_000240,36,253,440,213,0.26576
13_000240,34,12,539,269,0.51337
13_000300,331,12,71,51,0.6019
13_000300,34,12,521,235,0.37745
13_000300,284,36,351,251,0.2095
13_000300,123,106,340,273,0.21019
13_000300,363,212,68,130,0.3365
13_000300,37,204,400,262,0.34932
13_000300,585,12,48,75,0.32796
13_000360,275,12,357,182,0.22856
13_000360,37,115,300,315,0.21523
13_000360,288,128,282,337,0.21543
13_000360,210,243,107,114,0.65681
13_000360,38,231,356,235,0.20921
13_000360,384,77,250,389,0.20843
13_000360,202,253,76,104,0.52105
13_000360,34,12,391,139,0.39527
13_000420,34,12,439,209,0.31863
13_000420,467,46,33,32,0.27564
13_000420,59,102,281,363,0.20444
13_000420,399,16,231,312,0.20334
13_000420,35,94,174,372,0.2514
13_000420,582,297,29,31,0.0033039
13_000420,295,126,333,340,0.25964
13_000420,448,27,24,29,0.1748
13_000480,38,12,202,453,0.51235
13_000480,112,140,104,134,0.47962
13_000480,129,12,160,423,0.20591
13_000480,101,145,55,127,0.47395
13_000480,182,12,450,341,0.37004
13_000480,193,29,268,436,0.2103
13_000480,385,209,248,257,0.2134
13_000480,45,416,68,50,0.2
13_000540,34,12,514,262,0.20813
13_000540,355,12,278,333,0.21635
13_000540,122,56,340,409,0.52715
13_000540,35,194,75,100,0.43856
13_000540,95,266,39,41,0.70926
13_000540,36,302,46,22,0.70421
13_000540,37,24,233,442,0.20887
13_000540,395,118,238,348,0.20643
13_000600,55,34,324,431,0.20616
13_000600,219,114,127,135,0.71879
13_000600,38,12,542,405,0.20445
13_000600,38,73,172,393,0.25765
13_000600,114,405,123,36,0.027652
13_000600,335,246,299,220,0.25555
13_000600,83,373,201,93,0.19728
13_000600,326,12,309,419,0.22583
13_000660,34,12,309,270,0.20439
13_000660,342,35,290,283,0.20377
13_000660,106,12,285,206,0.44777
13_000660,67,255,454,210,0.20563
13_000660,302,217,332,249,0.22802
13_000660,36,270,182,196,0.2756
13_000660,193,373,75,92,0.36296
13_000660,183,12,449,288,0.20844
13_000720,34,12,316,136,0.54516
13_000720,187,43,446,275,0.21801
13_000720,37,156,406,232,0.21386
13_000720,318,214,316,252,0.22937
13_000720,151,296,34,64,0.27988
13_000720,157,279,109,111,0.69392
13_000720,37,241,421,225,0.21223
13_000720,34,12,598,218,0.21377
13_000780,138,12,201,453,0.20821
13_000780,235,12,216,413,0.20932
13_000780,121,135,47,94,0.47842
13_000780,127,108,112,133,0.64124
13_000780,397,154,236,312,0.22575
13_000780,274,12,359,453,0.22997
13_000780,44,384,115,82,0.025559
13_000780,38,12,222,393,0.21943
13_000840,554,12,77,110,0.33682
13_000840,37,12,220,326,0.22572
13_000840,290,115,288,350,0.4035
13_000840,251,12,323,453,0.20337
13_000840,36,173,243,293,0.21766
13_000840,100,384,39,24,0.30389
13_000840,122,12,339,353,0.206
13_000900,221,12,277,248,0.21203
13_000900,38,12,244,277,0.2312
13_000900,423,12,207,341,0.62528
13_000900,37,178,221,287,0.22304
13_000900,288,347,36,18,0.029795
13_000900,41,287,73,179,0.31561
13_000900,178,143,362,322,0.20343
13_000900,525,45,23,27,0.025258
13_000960,54,12,578,146,0.51424
13_000960,38,15,271,335,0.20765
13_000960,156,220,91,134,0.51871
13_000960,149,233,29,104,0.46662
13_000960,38,66,259,400,0.21462
13_000960,257,39,357,384,0.23125
13_000960,262,162,157,303,0.43266
13_000960,334,76,299,390,0.20459
14_000000,65,70,429,276,0.27839
14_000000,356,12,279,277,0.21081
14_000000,46,245,45,36,0.43248
14_000000,33,16,451,313,0.20249
14_000000,90,330,73,24,0.39227
14_000000,346,253,290,213,0.22559
14_000000,34,280,360,186,0.61357
14_000000,107,54,39,24,0.0013783
14_000060,33,12,349,188,0.20575
14_000060,251,12,298,173,0.20811
14_000060,272,173,77,22,0.3442
14_000060,327,12,307,296,0.25029
14_000060,34,155,296,198,0.20735
14_000060,35,215,514,251,0.22883
14_000060,388,162,247,304,0.2076
14_000060,235,81,36,30,0.35202
14_000120,388,12,249,204,0.27064
14_000120,35,12,240,346,0.22284
14_000120,240,12,254,291,0.20836
14_000120,145,176,24,12,0.33392
14_000120,386,124,251,342,0.30365
14_000120,35,212,386,254,0.20811
14_000120,282,264,264,201,0.20221
14_000120,99,443,22,13,0.090382
14_000180,409,12,225,225,0.2083
14_000180,93,12,243,206,0.41273
14_000180,33,136,285,330,0.21574
14_000180,335,210,66,24,0.30788
14_000180,157,190,475,242,0.25499
14_000180,34,262,19,27,0.43288
14_000180,109,212,526,254,0.21263
14_000180,234,12,302,279,0.20428
14_000240,337,76,298,240,0.20644
14_000240,34,184,26,40,0.44095
14_000240,79,191,50,56,0.3106
14_000240,34,12,189,454,0.51005
14_000240,388,124,249,342,0.35138
14_000240,254,120,195,345,0.21416
14_000240,69,38,264,428,0.21076
14_000240,125,12,511,192,0.20632
14_000300,501,76,70,56,0.42389
14_000300,223,12,407,321,0.22728
14_000300,257,52,150,380,0.46119
14_000300,476,12,158,408,0.23732
14_000300,275,225,360,241,0.30407
14_000300,448,28,33,19,0.36297
14_000360,464,12,174,287,0.30172
14_000360,127,12,412,281,0.21938
14_000360,102,61,30,75,0.30372
14_000360,34,12,243,288,0.21421
14_000360,197,105,336,298,0.20792
14_000360,343,251,295,215,0.23916
14_000360,33,220,356,246,0.52427
14_000360,417,12,57,39,0.025438
14_000420,232,12,403,248,0.25106
14_000420,36,183,252,230,0.42228
14_000420,239,221,349,198,0.22082
14_000420,38,384,203,82,0.21375
14_000420,35,12,246,199,0.063416
14_000480,107,91,78,29,0.35384
14_000480,169,52,348,413,0.20488
14_000480,239,139,284,141,0.63431
14_000480,34,12,148,345,0.33274
14_000480,37,259,330,207,0.30683
14_000480,108,12,381,94,0.21009
14_000540,249,12,316,234,0.21336
14_000540,33,12,316,289,0.20614
14_000540,229,143,38,36,0.35167
14_000540,264,231,81,24,0.32637
14_000540,371,12,264,358,0.27845
14_000540,34,178,305,288,0.21351
14_000540,91,226,547,240,0.2045
14_000540,100,54,32,24,0.086777
14_000600,33,12,175,250,0.21042
14_000600,114,12,266,248,0.21662
14_000600,325,12,310,453,0.21566
14_000600,34,196,16,27,0.31839
14_000600,102,205,281,202,0.29693
14_000600,35,275,337,191,0.22584
14_000600,429,203,210,263,0.26881
14_000600,472,66,166,159,0.24804
15_000000,36,12,332,375,0.2144
15_000000,265,301,82,42,0.54347
15_000000,358,12,277,453,0.21146
15_000000,274,305,78,125,0.63715
15_000000,37,133,337,333,0.21111
15_000000,262,353,24,35,0.30853
15_000000,410,109,227,357,0.21856
15_000000,211,12,324,317,0.20423
15_000060,36,69,264,304,0.21052
15_000060,351,12,283,324,0.22877
15_000060,36,12,404,384,0.20568
15_000060,349,280,78,54,0.55412
15_000060,38,272,407,194,0.21105
15_000060,360,326,77,104,0.65516
15_000060,410,168,227,298,0.20883
15_000060,193,12,305,208,0.20667
15_000120,107,12,433,209,0.20527
15_000120,36,12,272,453,0.26529
15_000120,293,12,342,312,0.21251
15_000120,270,168,366,262,0.20464
15_000120,198,302,68,52,0.27035
15_000120,206,355,39,32,0.24641
15_000120,302,277,335,189,0.31249
15_000120,37,122,263,344,0.51469
15_000180,37,12,218,429,0.24645
15_000180,122,12,295,370,0.28956
15_000180,286,223,11,17,0.24651
15_000180,292,244,31,32,0.19417
15_000180,392,12,245,397,0.22183
15_000180,39,213,339,253,0.22193
15_000180,419,12,217,271,0.21398
15_000240,34,12,266,178,0.40478
15_000240,35,74,256,392,0.49408
15_000240,496,143,141,323,0.21674
15_000240,198,110,361,351,0.36719
15_000240,532,306,19,54,0.56191
15_000240,178,296,79,96,0.39042
15_000240,146,237,371,228,0.2148
15_000240,246,12,389,229,0.20678
15_000300,246,12,392,335,0.3316
15_000300,36,12,212,454,0.39605
15_000300,51,179,16,16,0.22793
15_000300,150,12,267,375,0.47639
15_000300,401,204,21,99,0.19745
15_000300,320,307,29,40,0.27923
15_000300,85,137,352,329,0.20946
15_000300,401,33,238,433,0.46689
15_000360,38,12,142,355,0.31123
15_000360,302,102,291,301,0.20747
15_000360,326,12,312,360,0.27359
15_000360,336,181,18,67,0.51695
15_000360,39,189,339,277,0.21647
15_000360,259,290,30,31,0.31119
15_000360,73,12,282,355,0.56913
15_000420,37,12,354,354,0.43136
15_000420,290,96,347,369,0.22282
15_000420,312,225,21,18,0.26146
15_000420,333,12,303,330,0.22151
15_000420,254,260,65,93,0.42177
15_000420,38,119,335,347,0.20649
15_000420,37,43,192,373,0.21927
15_000480,68,35,281,387,0.22325
15_000480,302,12,331,199,0.48075
15_000480,314,17,322,386,0.23574
15_000480,313,323,20,66,0.26076
15_000480,293,251,343,215,0.21467
15_000480,36,135,256,331,0.43915
15_000480,269,354,62,111,0.62633
15_000480,36,12,353,185,0.21494
16_000000,35,12,597,116,0.01468
16_000000,162,70,470,142,0.38887
16_000000,35,35,597,295,0.29666
16_000000,85,185,547,167,0.20853
16_000000,35,260,572,167,0.20433
16_000000,36,272,600,194,0.8508
16_000000,258,387,25,78,0.49394
16_000000,286,383,79,82,0.61493
16_000060,129,152,55,152,0.30676
16_000060,460,12,175,281,0.39832
16_000060,162,157,116,154,0.65699
16_000060,37,12,498,304,0.21849
16_000060,142,67,496,399,0.20859
16_000060,39,216,329,250,0.21082
16_000060,562,328,73,138,0.5308
16_000060,37,45,168,330,0.21038
16_000120,257,12,375,322,0.20838
16_000120,437,57,195,293,0.59519
16_000120,94,231,139,154,0.83058
16_000120,216,12,386,404,0.20568
16_000120,78,229,69,119,0.44877
16_000120,219,175,418,291,0.21032
16_000120,111,12,306,453,0.20578
16_000120,36,12,245,454,0.23224
16_000180,299,12,335,244,0.27551
16_000180,39,12,321,233,0.32211
16_000180,38,68,331,230,0.31367
16_000180,37,257,224,209,0.14816
16_000180,406,240,144,164,0.72939
16_000180,345,78,290,388,0.21415
16_000180,207,123,386,342,0.20749
16_000180,344,40,27,79,0.032857
16_000240,272,12,193,63,0.30497
16_000240,37,12,252,264,0.32876
16_000240,204,12,365,454,0.20546
16_000240,348,12,285,454,0.45888
16_000240,147,108,371,357,0.60076
16_000240,238,281,127,131,0.72432
16_000240,37,237,431,229,0.20972
16_000240,151,12,62,53,0.1232
16_000300,480,18,152,237,0.60143
16_000300,143,201,494,265,0.20297
16_000300,35,12,598,336,0.20465
16_000300,36,89,559,318,0.6861
16_000300,167,246,54,97,0.43205
16_000300,184,247,106,120,0.59155
16_000300,36,168,314,298,0.61787
16_000300,97,12,535,316,0.20733
16_000360,189,173,54,106,0.48492
16_000360,207,175,109,127,0.57616
16_000360,298,12,335,329,0.40141
16_000360,36,67,247,399,0.21207
16_000360,74,89,409,279,0.20347
16_000360,126,270,511,195,0.2095
16_000360,36,12,487,323,0.20722
16_000420,234,12,400,340,0.32806
16_000420,175,133,372,332,0.20355
16_000420,295,210,64,93,0.4211
16_000420,368,192,266,274,0.20561
16_000420,307,215,124,132,0.72053
16_000420,39,12,493,369,0.27386
16_000420,35,58,303,408,0.20741
16_000420,192,17,64,33,0.1776
16_000480,36,12,549,319,0.20479
16_000480,174,82,461,367,0.20582
16_000480,37,135,209,237,0.20773
16_000480,257,123,380,343,0.20573
16_000480,206,236,60,104,0.44621
16_000480,219,238,123,139,0.78595
16_000480,37,283,393,183,0.21101
16_000480,111,12,522,306,0.44664
16_000540,101,124,97,182,0.21257
16_000540,118,128,193,221,0.76108
16_000540,92,126,85,166,0.47313
16_000540,476,12,160,430,0.78409
16_000540,340,12,298,454,0.21679
16_000540,83,158,353,307,0.21697
16_000540,40,12,246,454,0.2171
16_000540,152,12,289,172,0.21388
16_000600,35,12,598,332,0.29809
16_000600,95,91,19,22,0.080521
16_000600,234,119,400,330,0.20854
16_000600,35,185,298,281,0.2064
16_000600,269,232,62,83,0.47253
16_000600,280,236,110,119,0.69932
16_000600,148,173,487,293,0.20458
16_000600,196,12,436,285,0.43624
16_000660,35,92,101,90,0.28246
16_000660,149,12,408,214,0.41307
16_000660,34,12,598,403,0.20399
16_000660,199,12,433,327,0.20662
16_000660,107,238,526,228,0.20441
16_000660,35,179,244,287,0.20548
16_000660,251,299,107,104,0.7001
16_000660,96,12,79,129,0.28112
16_000720,35,12,510,382,0.20929
16_000720,330,37,302,294,0.50661
16_000720,179,12,453,263,0.20399
16_000720,61,212,413,254,0.20811
16_000720,189,304,106,116,0.64894
16_000720,173,299,62,96,0.27017
16_000720,36,136,598,330,0.20664
16_000720,548,409,90,57,0.30997
16_000780,64,45,527,351,0.20403
16_000780,35,12,326,382,0.21755
16_000780,359,139,272,226,0.55566
16_000780,36,221,315,244,0.21787
16_000780,266,275,367,191,0.20668
16_000780,34,416,92,50,0.4172
16_000780,440,410,169,56,0.52355
16_000780,175,12,281,105,0.24035
17_000000,83,12,144,56,0.42483
17_000000,450,12,185,121,0.3709
17_000000,292,12,144,98,0.56858
17_000000,37,12,470,308,0.20907
17_000000,354,12,283,454,0.27035
17_000000,270,282,115,93,0.41786
17_000000,37,178,334,260,0.62778
17_000000,39,291,450,175,0.35285
17_000060,227,17,168,99,0.60212
17_000060,36,111,574,355,0.24525
17_000060,37,12,276,217,0.30702
17_000060,271,12,366,454,0.22721
17_000060,279,284,108,95,0.37066
17_000060,60,257,331,209,0.57536
17_000060,242,286,303,179,0.34964
17_000060,409,12,226,91,0.3321
17_000120,278,12,138,86,0.56942
17_000120,273,12,364,259,0.21809
17_000120,219,138,417,270,0.26667
17_000120,37,12,280,277,0.20829
17_000120,36,225,366,241,0.65116
17_000120,474,329,163,137,0.39226
17_000120,257,262,300,204,0.35407
17_000120,65,12,151,72,0.27035
17_000180,49,12,144,68,0.24572
17_000180,265,12,135,84,0.53572
17_000180,187,12,411,386,0.20758
17_000180,36,12,373,454,0.21965
17_000180,270,259,111,96,0.38649
17_000180,79,229,302,189,0.58474
17_000180,451,12,187,454,0.28601
17_000180,58,263,492,203,0.33685
17_000240,245,12,133,84,0.55559
17_000240,64,49,357,207,0.20749
17_000240,342,12,295,233,0.22314
17_000240,36,12,338,454,0.30072
17_000240,289,257,82,73,0.2146
17_000240,316,103,320,326,0.33884
17_000240,233,260,405,206,0.32042
17_000240,37,12,136,77,0.24938
17_000300,36,12,196,138,0.40832
17_000300,39,71,276,357,0.3036
17_000300,226,12,394,290,0.28831
17_000300,377,12,258,239,0.048171
17_000300,444,246,95,123,0.55882
17_000300,41,297,294,169,0.3031
17_000300,266,180,372,286,0.35299
17_000300,115,12,128,106,0.4294
17_000360,247,12,388,232,0.24404
17_000360,36,12,187,115,0.36661
17_000360,39,37,268,349,0.3256
17_000360,225,71,291,210,0.36763
17_000360,44,174,303,292,0.29205
17_000360,444,203,99,117,0.44422
17_000360,283,157,355,309,0.32129
17_000360,131,12,112,84,0.40773
17_000420,325,12,88,67,0.47582
17_000420,78,12,330,153,0.3565
17_000420,121,41,47,63,0.33405
17_000420,37,12,214,359,0.35421
17_000420,146,163,443,302,0.34305
17_000420,43,306,281,160,0.067224
17_000480,38,12,549,225,0.30132
17_000480,148,107,81,77,0.20875
17_000480,480,74,105,114,0.631
17_000480,35,103,200,238,0.57877
17_000480,306,116,286,349,0.33647
17_000480,159,245,302,220,0.28713
17_000480,39,108,337,358,0.30056
1_000000,331,107,44,20,0.33204
1_000000,191,12,442,186,0.61609
1_000000,36,128,347,338,0.22599
1_000000,151,182,380,224,0.20832
1_000000,224,282,105,41,0.50135
1_000000,426,177,209,212,0.28991
1_000000,166,325,473,141,0.5206
1_000060,37,42,453,276,0.20645
1_000060,209,12,426,198,0.30907
1_000060,364,157,68,46,0.50663
1_000060,281,197,99,99,0.71209
1_000060,43,273,412,193,0.22387
1_000060,39,142,276,275,0.12848
1_000060,51,72,77,33,0.28007
1_000120,311,12,322,166,0.41954
1_000120,440,158,199,308,0.32411
1_000120,122,191,425,274,0.22765
1_000120,130,104,408,226,0.2054
1_000120,34,149,344,317,0.21689
1_000120,207,309,92,119,0.64833
1_000120,445,22,102,47,0.37582
1_000180,162,74,339,182,0.20923
1_000180,37,151,474,244,0.21262
1_000180,229,244,85,24,0.49318
1_000180,145,294,88,103,0.76242
1_000180,37,253,408,213,0.21392
1_000180,37,12,596,172,0.41053
1_000240,58,177,68,42,0.44384
1_000240,355,217,99,30,0.51664
1_000240,286,261,62,72,0.66036
1_000240,123,189,472,168,0.20715
1_000240,36,94,505,372,0.21357
1_000240,165,12,473,286,0.22269
1_000300,217,12,421,187,0.21287
1_000300,382,44,107,93,0.67831
1_000300,42,12,277,289,0.24516
1_000300,41,126,470,333,0.22725
1_000300,40,294,316,172,0.31066
1_000300,516,12,72,24,0.56902
1_000360,34,12,385,215,0.20806
1_000360,237,22,395,152,0.41217
1_000360,260,122,375,180,0.20384
1_000360,134,57,190,223,0.29744
1_000360,284,200,105,76,0.5195
1_000360,36,215,598,189,0.20777
1_000360,34,24,64,61,0.36325
1_000420,37,109,595,189,0.20396
1_000420,34,186,171,72,0.54877
1_000420,254,182,381,178,0.22603
1_000420,191,223,100,109,0.27874
1_000420,298,242,37,101,0.012986
1_000420,37,243,497,223,0.32564
1_000420,35,12,585,124,0.59676
1_000480,35,12,597,193,0.47673
1_000480,305,96,330,237,0.21538
1_000480,34,55,340,213,0.26746
1_000480,325,172,105,80,0.46946
1_000480,36,198,427,219,0.21631
1_000480,58,286,123,165,0.21622
1_000480,34,12,100,54,0.2612
1_000540,86,12,546,110,0.20414
1_000540,35,54,501,174,0.20628
1_000540,285,192,107,78,0.48948
1_000540,195,138,141,146,0.33225
1_000540,264,110,375,356,0.34257
1_000540,36,209,278,257,0.27587
1_000540,88,94,479,371,0.21065
1_000540,34,29,58,58,0.13246
1_000600,49,39,73,76,0.01241
1_000600,36,12,596,171,0.77502
1_000600,236,59,400,227,0.20306
1_000600,258,190,99,68,0.50297
1_000600,352,260,112,81,0.021378
1_000600,429,226,129,139,0.27882
1_000600,36,183,481,274,0.22129
1_000660,455,12,180,133,0.043567
1_000660,203,12,328,182,0.29059
1_000660,34,12,436,156,0.20214
1_000660,506,129,125,97,0.41651
1_000660,35,141,458,242,0.20666
1_000660,38,222,416,244,0.2301
1_000660,33,12,272,50,0.21616
1_000720,34,12,279,152,0.31803
1_000720,290,109,343,116,0.20518
1_000720,46,72,586,211,0.20197
1_000720,54,167,151,94,0.73403
1_000720,196,152,438,258,0.21371
1_000720,36,153,437,303,0.23602
1_000720,298,12,334,96,0.24016
1_000780,313,68,321,201,0.21311
1_000780,259,48,67,144,0.34495
1_000780,311,117,123,85,0.53297
1_000780,35,12,234,243,0.47395
1_000780,152,12,291,326,0.20684
1_000780,38,170,453,296,0.34523
1_000780,252,12,385,170,0.66097
2_000000,203,12,314,233,0.37889
2_000000,509,90,29,73,0.065822
2_000000,34,12,348,328,0.23718
2_000000,278,118,75,167,0.25532
2_000000,37,203,280,263,0.21773
2_000000,495,180,29,105,0.005756
2_000000,170,183,467,283,0.21966
2_000000,450,12,186,393,0.26643
2_000060,573,12,58,44,0.25884
2_000060,255,12,258,309,0.21691
2_000060,188,63,70,84,0.057057
2_000060,397,12,239,449,0.29368
2_000060,252,136,39,52,0.074163
2_000060,37,12,220,454,0.2911
2_000060,50,91,461,344,0.20764
2_000060,206,338,419,128,0.44907
2_000120,34,12,301,231,0.2138
2_000120,298,109,57,132,0.22877
2_000120,388,175,27,60,0.39726
2_000120,35,180,304,178,0.21142
2_000120,225,198,320,267,0.21125
2_000120,430,143,207,323,0.38732
2_000120,37,270,314,196,0.35414
2_000120,214,12,420,218,0.47233
2_000180,396,12,241,417,0.28889
2_000180,533,45,20,58,0.13419
2_000180,99,12,405,216,0.32546
2_000180,319,81,55,157,0.26499
2_000180,36,245,251,221,0.23636
2_000180,34,15,317,310,0.20812
2_000180,325,167,313,299,0.22824
2_000180,239,229,310,236,0.21213
2_000240,444,41,23,49,0.015518
2_000240,506,45,67,103,0.18505
2_000240,219,12,341,317,0.40944
2_000240,395,12,239,359,0.20966
2_000240,290,163,53,149,0.27531
2_000240,34,61,348,344,0.2404
2_000240,242,250,395,216,0.24006
2_000240,37,259,286,207,0.20891
3_000000,38,12,256,279,0.23346
3_000000,536,60,58,103,0.13405
3_000000,37,81,348,385,0.21666
3_000000,238,12,363,377,0.38808
3_000000,37,176,253,167,0.2108
3_000000,236,389,19,23,0.038434
3_000000,306,111,330,355,0.44642
3_000000,359,12,275,144,0.20988
3_000060,37,12,157,454,0.51335
3_000060,518,89,68,93,0.014495
3_000060,228,12,272,355,0.42615
3_000060,392,12,243,233,0.044408
3_000060,129,12,157,340,0.3593
3_000060,291,95,345,371,0.21092
3_000060,213,402,20,24,0.032486
3_000060,142,95,293,370,0.20418
3_000120,186,12,340,288,0.21004
3_000120,37,12,205,454,0.21854
3_000120,168,138,39,50,0.051415
3_000120,108,93,201,367,0.21208
3_000120,326,25,307,299,0.21331
3_000120,544,227,81,93,0.18974
3_000120,241,122,393,343,0.20344
3_000120,288,267,347,199,0.26677
3_000180,150,12,484,202,0.21361
3_000180,37,12,194,397,0.4768
3_000180,550,77,79,94,0.16537
3_000180,444,72,47,86,0.0037276
3_000180,270,94,365,330,0.26703
3_000180,364,243,272,223,0.21492
3_000180,37,115,373,351,0.21089
3_000180,57,37,47,35,0.077948
3_000240,227,130,27,35,0.060781
3_000240,279,12,354,281,0.34163
3_000240,136,101,243,337,0.2095
3_000240,556,267,27,42,0.0033497
3_000240,452,224,183,242,0.2087
3_000240,290,131,344,334,0.25905
3_000240,37,255,288,211,0.22029
3_000240,36,12,384,300,0.21629
3_000300,155,112,46,87,0.14056
3_000300,213,12,225,292,0.20626
3_000300,301,12,332,312,0.31428
3_000300,36,12,236,341,0.3804
3_000300,486,207,44,84,0.0039859
3_000300,37,128,271,338,0.21816
3_000300,237,237,398,229,0.27407
3_000300,253,47,50,72,0.0028199
3_000360,451,90,43,67,0.0069652
3_000360,318,12,317,343,0.21365
3_000360,603,132,31,63,0.38409
3_000360,38,12,156,382,0.21928
3_000360,233,97,206,326,0.48488
3_000360,38,99,461,367,0.20812
3_000360,404,231,233,235,0.35399
3_000360,131,12,471,167,0.43563
3_000420,333,12,288,271,0.37584
3_000420,214,12,166,273,0.6381
3_000420,40,12,107,250,0.17032
3_000420,70,106,57,130,0.12677
3_000420,138,231,287,234,0.21347
3_000420,461,12,176,454,0.22417
3_000420,306,222,249,243,0.2153
3_000420,39,12,238,454,0.22452
3_000480,38,12,243,247,0.22073
3_000480,268,22,158,361,0.21026
3_000480,526,176,14,49,0.033077
3_000480,376,71,162,296,0.62943
3_000480,254,236,36,84,0.124
3_000480,37,153,263,313,0.21698
3_000480,88,222,550,244,0.21728
3_000480,222,12,415,344,0.21111
3_000540,372,12,262,190,0.36355
3_000540,107,65,349,385,0.20718
3_000540,38,12,364,183,0.2167
3_000540,392,73,244,330,0.21952
3_000540,154,154,157,277,0.67645
3_000540,39,106,312,360,0.21132
3_000540,39,173,40,229,0.085406
3_000600,347,12,290,290,0.69874
3_000600,216,12,166,316,0.35176
3_000600,199,165,43,98,0.26822
3_000600,336,38,302,337,0.20931
3_000600,38,12,216,293,0.21307
3_000600,38,282,251,184,0.33733
3_000600,171,12,62,39,0.22427
3_000660,238,29,96,76,0.013968
3_000660,35,12,429,241,0.21002
3_000660,36,61,330,210,0.22
3_000660,39,214,354,252,0.26676
3_000660,347,97,286,369,0.23624
3_000660,197,288,359,178,0.20707
3_000660,177,46,71,57,0.14756
3_000720,459,12,61,63,0.15551
3_000720,380,12,259,388,0.22251
3_000720,273,12,266,324,0.21269
3_000720,34,12,285,454,0.46162
3_000720,113,12,348,453,0.20982
3_000720,36,373,70,44,0.20402
3_000720,400,265,238,201,0.32501
3_000720,194,26,62,77,0.13462
3_000780,37,12,196,233,0.81984
3_000780,308,12,219,379,0.21544
3_000780,497,283,31,20,0.016364
3_000780,82,178,315,288,0.24477
3_000780,481,86,156,380,0.30363
3_000780,39,12,280,454,0.39931
3_000780,529,396,62,58,0.033656
3_000780,371,12,267,453,0.21413
3_000840,148,12,416,431,0.206
3_000840,37,12,260,419,0.28709
3_000840,487,12,148,370,0.50764
3_000840,413,165,222,301,0.21673
3_000840,290,65,221,362,0.21307
3_000840,381,411,28,32,0.066012
3_000840,38,225,430,241,0.25727
3_000840,180,53,39,31,0.0064731
3_000900,37,21,311,401,0.44214
3_000900,37,12,260,132,0.30854
3_000900,299,12,236,257,0.20917
3_000900,402,308,21,16,0.029586
3_000900,285,196,349,269,0.2124
3_000900,38,146,290,320,0.23553
3_000900,382,236,254,230,0.25946
3_000900,368,12,266,217,0.51869
3_000960,37,12,410,348,0.4476
3_000960,623,228,12,26,0.24004
3_000960,39,37,288,342,0.20683
3_000960,38,154,70,204,0.08245
3_000960,476,336,20,20,0.022674
3_000960,340,131,297,335,0.22489
3_000960,38,147,370,319,0.23385
3_000960,295,12,340,256,0.22133
3_001020,309,12,154,211,0.67002
3_001020,38,12,198,213,0.12318
3_001020,38,196,354,269,0.21031
3_001020,306,88,257,378,0.23896
3_001020,574,332,33,18,0.038988
3_001020,37,330,310,136,0.39747
3_001020,386,105,251,361,0.36113
3_001020,191,12,445,230,0.20952
4_000000,36,12,345,454,0.20479
4_000000,502,15,132,211,0.20808
4_000000,50,12,417,332,0.20457
4_000000,390,223,63,50,0.18552
4_000000,119,231,285,214,0.30387
4_000000,415,12,219,328,0.25232
4_000000,322,12,313,454,0.20742
4_000000,474,12,149,113,0.19421
4_000060,261,12,372,303,0.20937
4_000060,275,201,293,264,0.38089
4_000060,408,85,227,381,0.20476
4_000060,594,287,41,55,0.0057737
4_000060,37,90,228,376,0.2394
4_000060,376,365,43,61,0.29008
4_000060,145,112,273,353,0.2047
4_000060,37,12,311,309,0.22252
4_000120,265,12,370,214,0.21173
4_000120,355,124,280,342,0.23166
4_000120,36,137,245,298,0.20478
4_000120,161,12,315,426,0.20691
4_000120,602,424,33,42,0.44374
4_000120,36,336,352,130,0.30061
4_000120,167,428,98,37,0.0076497
4_000120,35,12,192,194,0.27144
4_000180,39,44,19,135,0.030513
4_000180,38,50,325,266,0.21085
4_000180,37,12,471,319,0.20935
4_000180,498,242,135,198,0.51767
4_000180,405,12,230,376,0.21506
4_000180,207,312,428,154,0.21378
4_000180,581,376,41,47,0.13718
4_000180,37,201,339,265,0.25222
4_000240,171,12,462,163,0.207
4_000240,38,12,398,453,0.22005
4_000240,190,65,312,276,0.20487
4_000240,406,61,229,331,0.20927
4_000240,220,187,415,279,0.26296
4_000240,541,255,71,64,0.055626
4_000240,604,304,30,54,0.080053
4_000240,37,113,234,353,0.44767
4_000300,37,55,176,411,0.20436
4_000300,197,12,436,284,0.3489
4_000300,178,25,456,441,0.20476
4_000300,350,126,285,297,0.20497
4_000300,551,282,36,25,0.11188
4_000300,410,313,53,58,0.22218
4_000300,87,278,439,187,0.28305
4_000300,38,12,299,329,0.20608
4_000360,37,12,231,206,0.2161
4_000360,244,52,391,358,0.20364
4_000360,37,159,252,307,0.2495
4_000360,59,12,313,360,0.21622
4_000360,230,216,284,249,0.25708
4_000360,334,217,301,249,0.20684
4_000360,365,437,8,12,0.22603
4_000360,347,12,287,213,0.21147
4_000420,255,12,379,232,0.33557
4_000420,331,93,304,263,0.20579
4_000420,144,80,282,385,0.20312
4_000420,308,223,328,243,0.21596
4_000420,261,333,10,18,0.27669
4_000420,262,229,257,236,0.24232
4_000420,37,177,260,289,0.45544
4_000420,37,12,290,208,0.21954
4_000480,189,12,446,234,0.20713
4_000480,37,12,261,276,0.21597
4_000480,380,28,255,252,0.20614
4_000480,380,118,16,84,0.2489
4_000480,113,129,312,239,0.20623
4_000480,385,111,250,274,0.25014
4_000480,366,281,270,185,0.21648
4_000480,36,270,357,196,0.22695
4_000540,226,37,289,428,0.20397
4_000540,357,31,278,345,0.2055
4_000540,37,12,284,233,0.22409
4_000540,36,183,286,283,0.21439
4_000540,408,304,32,25,0.1997
4_000540,93,127,200,316,0.2374
4_000540,382,229,253,237,0.25152
4_000540,290,12,343,195,0.20556
5_000000,35,12,338,194,0.20815
5_000000,301,12,330,289,0.43834
5_000000,36,154,296,312,0.20912
5_000000,37,139,438,327,0.20782
5_000000,282,348,133,102,0.6657
5_000000,157,279,479,187,0.20789
5_000000,283,392,44,52,0.45712
5_000000,131,27,501,347,0.20603
5_000060,199,48,347,266,0.20284
5_000060,34,12,405,291,0.20621
5_000060,570,182,23,22,0.021988
5_000060,437,12,195,370,0.23953
5_000060,160,167,325,298,0.25003
5_000060,36,264,320,202,0.059113
5_000060,390,282,247,184,0.26825
5_000060,133,12,364,202,0.20613
5_000120,37,12,363,454,0.21683
5_000120,36,12,230,259,0.21885
5_000120,284,181,143,140,0.32568
5_000120,104,205,454,261,0.21143
5_000120,359,111,279,320,0.21722
5_000120,288,199,143,129,0.53669
5_000120,300,12,332,177,0.30629
5_000180,36,12,255,371,0.21932
5_000180,272,12,360,279,0.6237
5_000180,241,212,99,71,0.10859
5_000180,180,142,455,324,0.20906
5_000180,315,222,60,93,0.45974
5_000180,241,251,134,98,0.56972
5_000180,37,239,406,227,0.2166
5_000180,174,201,433,265,0.20606
5_000240,436,12,196,227,0.47532
5_000240,36,12,367,332,0.22153
5_000240,238,206,107,92,0.057764
5_000240,250,206,387,260,0.21921
5_000240,242,248,98,100,0.48253
5_000240,259,215,121,137,0.66983
5_000240,37,261,362,205,0.21534
5_000240,253,12,353,270,0.20833
5_000300,359,175,91,144,0.44311
5_000300,372,109,213,221,0.28793
5_000300,370,137,199,188,0.71581
5_000300,39,158,132,308,0.23881
5_000300,143,136,285,329,0.32491
5_000300,38,12,274,266,0.23565
5_000360,376,12,257,96,0.27707
5_000360,256,201,74,52,0.34907
5_000360,205,152,140,191,0.21072
5_000360,221,165,175,179,0.78185
5_000360,39,12,313,454,0.23093
5_000360,75,149,540,317,0.2099
5_000420,36,12,478,203,0.21477
5_000420,38,83,355,245,0.20805
5_000420,310,173,327,293,0.21076
5_000420,224,250,124,147,0.31046
5_000420,303,263,68,113,0.52341
5_000420,38,249,532,217,0.2148
5_000420,250,277,123,124,0.44732
5_000420,458,12,174,290,0.67712
5_000480,308,12,325,454,0.20208
5_000480,379,12,252,276,0.43388
5_000480,37,47,338,404,0.21405
5_000480,179,272,115,112,0.46684
5_000480,257,268,50,94,0.49268
5_000480,37,196,514,270,0.20562
5_000480,346,392,253,74,0.20145
5_000480,35,12,335,184,0.20848
5_000540,396,40,242,331,0.21795
5_000540,273,121,165,78,0.23308
5_000540,270,144,169,143,0.68916
5_000540,38,12,346,305,0.21107
5_000540,154,12,404,405,0.21387
5_000540,38,128,185,338,0.15926
5_000540,435,12,197,101,0.30368
5_000600,367,12,272,405,0.21986
5_000600,352,135,173,138,0.19151
5_000600,346,196,115,115,0.44427
5_000600,203,12,239,453,0.22724
5_000600,361,164,157,141,0.49502
5_000600,37,93,149,373,0.06206
5_000600,38,12,265,278,0.22413
5_000660,212,12,420,169,0.69154
5_000660,36,12,275,454,0.2442
5_000660,315,172,165,86,0.16707
5_000660,130,12,296,453,0.21141
5_000660,348,196,129,139,0.51931
5_000660,294,127,345,288,0.21421
5_000660,312,228,89,106,0.45333
5_000720,67,12,361,344,0.20887
5_000720,166,95,468,248,0.20722
5_000720,378,255,260,211,0.21793
5_000720,36,12,297,415,0.30704
5_000720,281,314,82,99,0.51077
5_000720,301,288,130,128,0.52929
5_000720,38,320,392,146,0.21265
5_000720,342,12,290,267,0.34083
6_000000,37,12,241,177,0.28797
6_000000,38,79,461,387,0.34278
6_000000,122,119,514,259,0.20524
6_000000,218,238,82,89,0.3692
6_000000,254,217,109,119,0.65594
6_000000,164,210,473,196,0.20976
6_000000,227,12,405,236,0.28555
6_000060,455,12,177,277,0.76492
6_000060,81,12,366,372,0.21713
6_000060,36,12,348,454,0.21448
6_000060,245,307,101,98,0.46696
6_000060,278,280,109,119,0.5537
6_000060,127,192,510,273,0.21475
6_000060,273,12,291,232,0.21137
6_000120,387,12,245,165,0.30257
6_000120,37,73,346,393,0.21337
6_000120,228,128,151,115,0.68102
6_000120,167,28,469,315,0.2088
6_000120,542,289,45,30,0.095475
6_000120,76,262,279,204,0.26017
6_000120,38,12,350,98,0.35206
6_000180,94,90,326,206,0.2061
6_000180,306,12,326,341,0.42213
6_000180,35,12,329,384,0.22766
6_000180,129,212,482,229,0.20732
6_000180,258,323,132,93,0.67257
6_000180,547,379,26,23,0.026485
6_000180,38,345,468,121,0.20963
6_000240,40,12,208,363,0.30308
6_000240,77,112,169,83,0.19648
6_000240,246,12,388,384,0.42189
6_000240,82,171,99,92,0.38057
6_000240,203,41,317,318,0.21716
6_000240,119,144,127,137,0.68938
6_000240,41,174,340,292,0.22198
6_000300,191,106,144,135,0.71453
6_000300,402,39,180,358,0.21464
6_000300,157,12,352,323,0.20735
6_000300,348,12,285,454,0.55843
6_000300,38,12,249,453,0.20968
6_000300,242,217,370,249,0.24433
6_000300,39,172,165,294,0.085629
6_000300,180,84,140,127,0.41806
6_000360,372,12,259,322,0.42808
6_000360,450,65,183,401,0.20524
6_000360,37,118,444,297,0.20787
6_000360,199,256,74,95,0.50062
6_000360,148,255,114,107,0.43258
6_000360,37,242,300,224,0.03647
6_000360,311,389,277,77,0.4192
6_000360,36,12,389,241,0.21576
6_000420,48,12,407,203,0.20974
6_000420,35,12,238,249,0.20666
6_000420,387,12,245,420,0.44572
6_000420,169,130,396,321,0.20902
6_000420,284,276,71,100,0.46973
6_000420,237,323,83,58,0.5734
6_000420,36,196,380,270,0.21156
6_000480,278,12,354,257,0.55167
6_000480,36,12,245,430,0.31473
6_000480,261,224,158,152,0.35902
6_000480,291,250,125,132,0.54654
6_000480,350,180,288,286,0.22395
6_000480,37,399,43,67,0.26679
6_000480,70,217,354,249,0.21
6_000480,138,32,366,241,0.20861
7_000000,211,12,422,454,0.20475
7_000000,36,12,263,225,0.22441
7_000000,409,12,222,284,0.45102
7_000000,37,114,452,352,0.20815
7_000000,183,288,82,50,0.2813
7_000000,180,300,89,84,0.46646
7_000000,228,272,91,108,0.45802
7_000000,60,260,498,205,0.21007
7_000060,444,12,188,208,0.26652
7_000060,38,12,180,454,0.17324
7_000060,248,149,169,114,0.1714
7_000060,168,12,293,260,0.21537
7_000060,240,199,100,76,0.44072
7_000060,247,188,163,134,0.67343
7_000060,328,92,311,374,0.22421
7_000060,90,150,453,315,0.21194
7_000120,313,144,188,129,0.26799
7_000120,38,12,350,273,0.22695
7_000120,311,177,184,153,0.71891
7_000120,77,318,34,55,0.47439
7_000120,38,152,299,314,0.22259
7_000120,114,258,502,208,0.21895
7_000120,234,12,399,157,0.35351
7_000180,291,107,9,36,0.0030746
7_000180,164,12,468,170,0.20451
7_000180,282,22,354,370,0.21726
7_000180,36,184,335,282,0.21308
7_000180,35,12,353,437,0.21985
7_000180,329,220,308,246,0.231
7_000180,37,394,11,19,0.058423
7_000180,356,399,148,66,0.71797
7_000240,35,12,145,231,0.069375
7_000240,174,161,8,29,0.0020474
7_000240,154,12,328,207,0.20577
7_000240,103,12,347,353,0.20424
7_000240,37,197,246,269,0.21891
7_000240,218,228,378,238,0.28194
7_000240,448,12,184,398,0.47874
7_000240,398,12,234,454,0.22879
7_000300,322,12,311,376,0.44059
7_000300,34,41,385,222,0.20287
7_000300,36,150,21,49,0.0042568
7_000300,35,137,222,329,0.20748
7_000300,129,192,488,188,0.20672
7_000300,323,237,314,229,0.27339
7_000300,95,318,473,148,0.50666
7_000300,174,12,430,166,0.20457
7_000360,36,12,223,292,0.22104
7_000360,387,12,246,346,0.54305
7_000360,39,247,390,219,0.22457
7_000360,165,12,353,375,0.20819
7_000360,376,110,262,356,0.23782
7_000360,362,359,46,95,0.24386
7_000360,364,327,131,138,0.68019
7_000360,43,12,337,262,0.21241
7_000420,51,12,273,248,0.21601
7_000420,410,12,227,308,0.48616
7_000420,78,176,560,290,0.21075
7_000420,317,229,157,173,0.204
7_000420,37,12,296,454,0.25031
7_000420,302,259,50,131,0.44242
7_000420,313,271,146,133,0.684
7_000420,239,12,236,265,0.21733
7_000480,110,12,396,232,0.23718
7_000480,423,12,210,454,0.6083
7_000480,218,181,141,141,0.65333
7_000480,43,84,445,382,0.21686
7_000480,233,144,153,189,0.2402
7_000480,40,12,206,439,0.29113
7_000480,208,178,51,144,0.62484
7_000480,272,193,316,273,0.3563
7_000540,39,12,384,258,0.29206
7_000540,40,51,260,415,0.20926
7_000540,82,246,341,219,0.20955
7_000540,393,177,238,218,0.40219
7_000540,346,224,286,242,0.20249
7_000540,69,314,145,134,0.61103
7_000540,63,309,77,140,0.57551
7_000540,303,12,259,297,0.24473
7_000600,426,12,205,307,0.65363
7_000600,68,12,343,453,0.20912
7_000600,198,12,293,337,0.20849
7_000600,36,12,161,454,0.21786
7_000600,182,223,271,242,0.22429
7_000600,381,192,251,274,0.2311
7_000600,566,441,15,20,0.029717
7_000600,217,442,102,23,0.59363
7_000660,187,12,236,236,0.21388
7_000660,380,12,252,271,0.22969
7_000660,105,70,402,340,0.20708
7_000660,504,131,128,335,0.43046
7_000660,282,251,80,38,0.4884
7_000660,258,281,121,118,0.74283
7_000660,39,266,550,200,0.21363
7_000660,37,12,227,327,0.25954
7_000720,37,12,310,395,0.22141
7_000720,146,12,327,264,0.21413
7_000720,282,272,83,35,0.48995
7_000720,481,154,151,312,0.64104
7_000720,278,241,309,225,0.20679
7_000720,261,298,121,117,0.74785
7_000720,38,249,323,217,0.20831
7_000720,409,12,223,267,0.23083
7_000780,35,55,320,221,0.21135
7_000780,295,95,337,371,0.21212
7_000780,453,114,179,276,0.47122
7_000780,36,210,283,256,0.21021
7_000780,129,122,413,343,0.21129
7_000780,245,342,82,110,0.49109
7_000780,203,360,86,92,0.4546
7_000780,35,12,595,218,0.21804
8_000000,371,12,264,312,0.1809
8_000000,36,12,384,200,0.2309
8_000000,118,77,344,235,0.20659
8_000000,416,224,23,32,0.34285
8_000000,36,151,240,315,0.35605
8_000000,99,179,305,287,0.20784
8_000000,316,266,35,34,0.33806
8_000000,295,254,344,212,0.2171
8_000060,36,12,318,235,0.22004
8_000060,302,241,55,34,0.39559
8_000060,330,65,305,253,0.25752
8_000060,273,236,92,95,0.54591
8_000060,498,258,140,149,0.085675
8_000060,37,181,285,285,0.22304
8_000060,117,12,517,317,0.21466
8_000120,234,86,189,189,0.22919
8_000120,405,12,234,277,0.28114
8_000120,328,139,103,133,0.565
8_000120,39,88,169,378,0.075987
8_000120,93,60,362,405,0.2084
8_000120,300,158,125,123,0.73879
8_000120,39,12,515,164,0.46575
8_000180,37,12,207,325,0.23561
8_000180,353,12,282,278,0.28287
8_000180,283,247,85,49,0.4814
8_000180,336,166,301,205,0.24207
8_000180,215,281,148,71,0.60094
8_000180,38,173,350,293,0.21108
8_000180,176,12,390,177,0.24591
8_000240,327,41,22,38,0.002986
8_000240,35,12,492,278,0.21499
8_000240,93,14,72,131,0.19821
8_000240,270,12,364,192,0.51128
8_000240,37,172,351,294,0.23128
8_000240,278,133,357,232,0.41952
8_000240,492,12,48,39,0.15311
8_000300,142,12,495,241,0.24952
8_000300,350,177,86,77,0.44963
8_000300,191,89,266,331,0.25591
8_000300,39,270,171,142,0.057307
8_000300,41,186,308,280,0.30287
8_000300,37,12,358,315,0.33513
8_000360,221,12,313,196,0.23831
8_000360,360,12,278,294,0.30825
8_000360,446,12,193,454,0.28894
8_000360,180,222,271,243,0.58485
8_000360,249,152,316,313,0.24779
8_000360,198,12,54,137,0.4
8_000420,234,12,355,228,0.27092
8_000420,243,53,219,412,0.22227
8_000420,77,12,248,453,0.20901
8_000420,173,105,213,360,0.21144
8_000420,48,410,55,19,0.024368
8_000420,36,12,169,454,0.52676
8_000480,36,12,375,214,0.21578
8_000480,338,12,195,281,0.24771
8_000480,38,92,337,279,0.21317
8_000480,38,163,241,303,0.22826
8_000480,369,362,229,26,0.31568
8_000540,114,12,519,334,0.20485
8_000540,34,12,396,338,0.23778
8_000540,330,126,305,261,0.22219
8_000540,36,143,205,323,0.20733
8_000540,142,210,212,255,0.22614
8_000540,255,315,32,33,0.32814
8_000540,211,304,425,162,0.2081
8_000540,106,12,506,138,0.36369
8_000600,477,12,64,52,0.020302
8_000600,366,12,267,363,0.23167
8_000600,35,12,495,225,0.21862
8_000600,70,157,281,308,0.20617
8_000600,36,116,137,350,0.22001
8_000600,223,141,412,288,0.20593
8_000600,235,300,118,88,0.78151
8_000600,249,351,386,115,0.2068
8_000660,515,12,80,78,0.15737
8_000660,36,12,494,206,0.22462
8_000660,272,62,269,217,0.21252
8_000660,471,12,163,319,0.5388
8_000660,176,304,57,64,0.58506
8_000660,186,315,428,151,0.20827
8_000660,37,148,285,318,0.39968
8_000660,223,127,413,339,0.23888
8_000720,149,12,473,291,0.25392
8_000720,159,194,143,271,0.40194
8_000720,39,12,255,453,0.12786
8_000720,427,396,108,69,0.45192
8_000720,180,328,391,137,0.21251
8_000720,242,12,110,59,0.076807
8_000780,308,271,67,96,0.27086
8_000780,378,267,52,104,0.20047
8_000780,461,279,73,95,0.2267
8_000780,403,228,231,238,0.47488
8_000780,34,53,357,412,0.2108
8_000780,36,207,487,259,0.23049
8_000840,38,109,218,357,0.10899
8_000840,204,249,5,6,0.072355
8_000840,250,12,375,453,0.46671
8_000840,357,186,194,279,0.26684
8_000840,158,12,280,453,0.48609
8_000840,37,12,346,201,0.39627
8_000900,258,109,22,42,0.31494
8_000900,294,12,275,373,0.24585
8_000900,41,183,337,283,0.23501
8_000900,39,12,325,274,0.28825
8_000900,204,382,53,83,0.20732
8_000900,278,12,358,176,0.21187
8_000960,355,49,24,27,0.52878
8_000960,38,12,368,344,0.21631
8_000960,341,12,297,345,0.27535
8_000960,74,109,401,319,0.2207
8_000960,437,318,34,51,0.031026
8_000960,41,209,353,257,0.27398
8_000960,39,12,28,43,0.2
8_001020,40,16,179,99,0.2
8_001020,315,54,99,53,0.23187
8_001020,45,47,366,149,0.43212
8_001020,226,12,409,372,0.26203
8_001020,40,182,198,284,0.2
8_001020,235,272,397,194,0.2589
8_001020,162,12,181,48,0.37965
8_001080,404,177,75,52,0.25066
8_001080,329,184,70,77,0.20545
8_001080,103,239,89,54,0.40658
8_001080,35,162,598,282,0.20381
8_001080,263,303,190,50,0.5635
8_001080,36,288,598,178,0.24069
9_000000,36,12,304,228,0.23168
9_000000,256,12,379,284,0.43306
9_000000,40,150,91,134,0.42777
9_000000,230,193,396,159,0.2184
9_000000,36,150,257,316,0.33336
9_000000,79,312,344,154,0.21712
9_000000,210,12,303,211,0.28151
9_000060,179,12,455,225,0.4449
9_000060,204,211,77,91,0.41678
9_000060,277,222,52,72,0.24683
9_000060,38,235,193,96,0.192
9_000060,259,149,334,316,0.22303
9_000060,42,260,337,206,0.34557
9_000060,37,12,452,239,0.23284
9_000120,39,12,421,187,0.32235
9_000120,268,40,370,345,0.2108
9_000120,180,156,186,209,0.27663
9_000120,246,222,351,244,0.25476
9_000120,37,90,232,298,0.20937
9_000120,44,318,384,148,0.26705
9_000120,184,12,451,214,0.52028
9_000180,36,48,181,219,0.21812
9_000180,92,110,253,208,0.30849
9_000180,196,12,436,206,0.46398
9_000180,290,166,242,113,0.28922
9_000180,348,104,291,327,0.32371
9_000180,41,222,132,244,0.2
9_000180,42,12,450,146,0.23444
9_000240,35,12,489,260,0.21581
9_000240,542,12,95,314,0.40438
9_000240,38,37,114,175,0.32485
9_000240,250,109,300,155,0.55577
9_000240,137,158,225,171,0.25438
9_000240,41,192,187,217,0.09936
9_000240,42,233,566,233,0.21735
9_000300,276,12,361,343,0.51368
9_000300,134,142,173,107,0.39438
9_000300,272,204,205,158,0.20354
9_000300,172,153,138,104,0.48564
9_000300,181,207,107,98,0.26607
9_000300,40,237,305,229,0.062602
9_000300,36,12,420,318,0.22523
9_000360,360,12,272,216,0.066798
9_000360,131,113,123,130,0.45567
9_000360,316,211,319,167,0.48889
9_000360,36,144,311,278,0.22764
9_000360,297,288,157,122,0.30984
9_000360,40,325,338,141,0.063452
9_000360,35,12,490,242,0.35423
9_000420,136,12,345,222,0.25421
9_000420,35,12,250,357,0.24441
9_000420,170,15,463,311,0.41099
9_000420,436,240,201,226,0.21559
9_000420,192,292,85,109,0.35714
9_000420,97,289,105,133,0.31585
9_000420,125,259,374,206,0.205
9_000420,40,334,117,132,0.15234
9_000480,37,54,256,312,0.39413
9_000480,523,264,48,73,0.55717
9_000480,58,319,28,22,0.2422
9_000480,39,250,379,216,0.32158
9_000480,358,189,277,277,0.32308
9_000540,35,12,76,88,0.48364
9_000540,37,12,336,242,0.29307
9_000540,211,98,283,343,0.30017
9_000540,406,223,62,64,0.024224
9_000540,42,147,280,319,0.2
9_000540,252,287,250,178,0.2
9_000600,42,12,194,159,0.27646
9_000600,57,12,578,297,0.4603
9_000600,39,103,125,328,0.42831
9_000600,42,126,545,340,0.21379
9_000600,81,270,212,195,0.18636
9_000600,143,12,175,148,0.3792
9_000660,45,12,237,333,0.29061
9_000660,244,61,359,288,0.10214
9_000660,35,336,433,130,0.54228
9_000660,39,338,154,89,0.44783
9_000660,165,224,120,200,0.2799
9_000660,312,298,325,168,0.22192
9_000660,91,12,416,273,0.20174
9_000720,47,12,425,229,0.2
9_000720,190,199,59,61,0.34509
9_000720,129,76,506,340,0.48433
9_000720,41,52,372,414,0.28326
9_000720,189,328,200,137,0.33153
9_000720,144,379,146,86,0.035479
9_000720,233,12,402,259,0.32095
